Bug-ID;OB-ID;OB-Text;OB-in-Title?;Bug-Category;Bug-Type;OB-Category;OB-Rating;OB-Text.1;Ground-Truth;Ranked-Document;First-Rank;Reciprocal-Rank;Average-Precision;h@1;h@2;h@3;h@4;h@5;h@6;h@7;h@8;h@9;h@10;Can-Retrieve-Any-Document?
Bug10;0;FTP server restarted if app is killed after stopping it;1;Non-Synthetic Bug;Undesirable  behavior ;Hard;4;FTP server restarted if app is killed after stopping it;[2, 3, 4];{1=0.3527338, 6=0.0671108};0.0;0.0;0.0;0.0;0.0;0.0;0.0;0.0;0.0;0.0;0.0;0.0;0.0;1
Bug10;1;Server restarts by its own.;0;Non-Synthetic Bug;Undesirable  behavior ;Hard;2;Server restarts by its own.;[2, 3, 4];{1=0.5260056};0.0;0.0;0.0;0.0;0.0;0.0;0.0;0.0;0.0;0.0;0.0;0.0;0.0;1
Bug1033;0;"Bug: """"%"""" are duplicated in """"Deck options""""";1;Synthetic Bug;Undesirable component;Easy;4;"Bug: """"%"""" are duplicated in """"Deck options""""";[2, 3, 4, 5];{};0.0;0.0;0.0;0.0;0.0;0.0;0.0;0.0;0.0;0.0;0.0;0.0;0.0;0
Bug1033;1;"%"""" are duplicated on 2.9alpha18";0;Synthetic Bug;Undesirable component;Hard;2;"%"""" are duplicated on 2.9alpha18";[2, 3, 4, 5];{};0.0;0.0;0.0;0.0;0.0;0.0;0.0;0.0;0.0;0.0;0.0;0.0;0.0;0
Bug1066;0;URL bar text sometimes cleared when pressing near url bar;1;Synthetic Bug;Text in Component disappears;Easy;4;URL bar text sometimes cleared when pressing near url bar;[2];{2=0.1023615, 3=0.1023615, 8=0.09807146};1.0;1.0;1.0;1.0;1.0;1.0;1.0;1.0;1.0;1.0;1.0;1.0;1.0;1
Bug1066;0;URL bar text sometimes cleared when pressing near url bar;1;Synthetic Bug;Text in Component disappears;Easy;4;URL bar text sometimes cleared when pressing near url bar;[1];{1=0.06947898, 3=0.06947898};1.0;1.0;1.0;1.0;1.0;1.0;1.0;1.0;1.0;1.0;1.0;1.0;1.0;1
Bug1066;0;URL bar text sometimes cleared when pressing near url bar;1;Synthetic Bug;Text in Component disappears;Easy;4;URL bar text sometimes cleared when pressing near url bar;[2];{2=0.10544233, 4=0.10544233, 8=0.10102318, 3=0.05102441};1.0;1.0;1.0;1.0;1.0;1.0;1.0;1.0;1.0;1.0;1.0;1.0;1.0;1
Bug1066;1;Text clears;0;Synthetic Bug;Text in Component disappears;Hard;2;Text clears;[2];{};0.0;0.0;0.0;0.0;0.0;0.0;0.0;0.0;0.0;0.0;0.0;0.0;0.0;0
Bug1066;1;Text clears;0;Synthetic Bug;Text in Component disappears;Hard;2;Text clears;[1];{};0.0;0.0;0.0;0.0;0.0;0.0;0.0;0.0;0.0;0.0;0.0;0.0;0.0;0
Bug1066;1;Text clears;0;Synthetic Bug;Text in Component disappears;Hard;2;Text clears;[2];{3=0.38569573};0.0;0.0;0.0;0.0;0.0;0.0;0.0;0.0;0.0;0.0;0.0;0.0;0.0;1
Bug1067;0;Home screen tips toggle improperly indented;1;Non-Synthetic Bug;Text in a component is misaligned;Easy;4;Home screen tips toggle improperly indented;[2];{2=0.5668547};1.0;1.0;1.0;1.0;1.0;1.0;1.0;1.0;1.0;1.0;1.0;1.0;1.0;1
Bug1067;1;"Show homescreen tips"""" is indented";0;Non-Synthetic Bug;Text in a component is misaligned;Easy;3;"Show homescreen tips"""" is indented";[2];{2=0.4628349};1.0;1.0;1.0;1.0;1.0;1.0;1.0;1.0;1.0;1.0;1.0;1.0;1.0;1
Bug1096;2;When I try to replicate given the steps above (on a Pixel 3), I just get a crash immediately after tapping the back button in the left side of the header.;0;Non-Synthetic Bug;App crashes;Hard;4;When I try to replicate given the steps above (on a Pixel 3), I just get a crash immediately after tapping the back button in the left side of the header.;[0];{0=0.01403788, 4=0.008422728};1.0;1.0;1.0;1.0;1.0;1.0;1.0;1.0;1.0;1.0;1.0;1.0;1.0;1
Bug1096;3;get an endless Loading screen;0;Non-Synthetic Bug;App crashes;Hard;4;get an endless Loading screen;[0];{};0.0;0.0;0.0;0.0;0.0;0.0;0.0;0.0;0.0;0.0;0.0;0.0;0.0;0
Bug1096;4;unable to go back;0;Non-Synthetic Bug;App crashes;Hard;4;unable to go back;[0];{};0.0;0.0;0.0;0.0;0.0;0.0;0.0;0.0;0.0;0.0;0.0;0.0;0.0;0
Bug1096;5;have to force close iNat app;0;Non-Synthetic Bug;App crashes;Hard;4;have to force close iNat app;[0];{};0.0;0.0;0.0;0.0;0.0;0.0;0.0;0.0;0.0;0.0;0.0;0.0;0.0;0
Bug11;0;Bug: App crash when i allow access to my file;1;Non-Synthetic Bug;App crashes;Easy;4;Bug: App crash when i allow access to my file;[3];{1=0.18676257, 3=0.024687171};2.0;0.5;0.5;0.0;1.0;1.0;1.0;1.0;1.0;1.0;1.0;1.0;1.0;1
Bug11;0;Bug: App crash when i allow access to my file;1;Non-Synthetic Bug;App crashes;Easy;4;Bug: App crash when i allow access to my file;[4];{2=0.13009565};0.0;0.0;0.0;0.0;0.0;0.0;0.0;0.0;0.0;0.0;0.0;0.0;0.0;1
Bug11;1;When I launched the app, I got a pop up that I should grant permission, I clicked on accept, and the app pops up again that I should allow access to my file and I clicked allow, the app roll and crashed.;0;Non-Synthetic Bug;App crashes;Easy;5;When I launched the app, I got a pop up that I should grant permission, I clicked on accept, and the app pops up again that I should allow access to my file and I clicked allow, the app roll and crashed.;[3];{1=0.080375955, 3=0.033055816, 0=0.0015074931, 2=0.0012562441};2.0;0.5;0.5;0.0;1.0;1.0;1.0;1.0;1.0;1.0;1.0;1.0;1.0;1
Bug11;1;When I launched the app, I got a pop up that I should grant permission, I clicked on accept, and the app pops up again that I should allow access to my file and I clicked allow, the app roll and crashed.;0;Non-Synthetic Bug;App crashes;Easy;5;When I launched the app, I got a pop up that I should grant permission, I clicked on accept, and the app pops up again that I should allow access to my file and I clicked allow, the app roll and crashed.;[4];{2=0.05261354, 4=0.010703629, 0=0.00415831};2.0;0.5;0.5;0.0;1.0;1.0;1.0;1.0;1.0;1.0;1.0;1.0;1.0;1
Bug11;2;4. And note the bug;0;Non-Synthetic Bug;App crashes;Hard;1;4. And note the bug;[3];{};0.0;0.0;0.0;0.0;0.0;0.0;0.0;0.0;0.0;0.0;0.0;0.0;0.0;0
Bug11;2;4. And note the bug;0;Non-Synthetic Bug;App crashes;Hard;1;4. And note the bug;[4];{};0.0;0.0;0.0;0.0;0.0;0.0;0.0;0.0;0.0;0.0;0.0;0.0;0.0;0
Bug110;0;Artist's names missing - all over the app;1;Non-Synthetic Bug;Data is not displayed;Easy;5;Artist's names missing - all over the app;[14];{6=0.20258987, 14=0.101294935};2.0;0.5;0.5;0.0;1.0;1.0;1.0;1.0;1.0;1.0;1.0;1.0;1.0;1
Bug110;0;Artist's names missing - all over the app;1;Non-Synthetic Bug;Data is not displayed;Easy;5;Artist's names missing - all over the app;[11];{6=0.1370825, 11=0.06854125};2.0;0.5;0.5;0.0;1.0;1.0;1.0;1.0;1.0;1.0;1.0;1.0;1.0;1
Bug110;0;Artist's names missing - all over the app;1;Non-Synthetic Bug;Data is not displayed;Easy;5;Artist's names missing - all over the app;[19];{11=0.21455713, 19=0.10727856};2.0;0.5;0.5;0.0;1.0;1.0;1.0;1.0;1.0;1.0;1.0;1.0;1.0;1
Bug110;0;Artist's names missing - all over the app;1;Non-Synthetic Bug;Data is not displayed;Easy;5;Artist's names missing - all over the app;[10];{6=0.1370825, 10=0.06854125};2.0;0.5;0.5;0.0;1.0;1.0;1.0;1.0;1.0;1.0;1.0;1.0;1.0;1
Bug110;0;Artist's names missing - all over the app;1;Non-Synthetic Bug;Data is not displayed;Easy;5;Artist's names missing - all over the app;[12, 18, 23, 28];{12=0.07617009, 23=0.07617009, 28=0.07617009, 18=0.07617009};1.0;1.0;1.0;1.0;1.0;1.0;1.0;1.0;1.0;1.0;1.0;1.0;1.0;1
Bug110;0;Artist's names missing - all over the app;1;Non-Synthetic Bug;Data is not displayed;Easy;5;Artist's names missing - all over the app;[12, 18, 23];{12=0.08140823, 23=0.08140823, 18=0.08140823};1.0;1.0;1.0;1.0;1.0;1.0;1.0;1.0;1.0;1.0;1.0;1.0;1.0;1
Bug110;0;Artist's names missing - all over the app;1;Non-Synthetic Bug;Data is not displayed;Easy;5;Artist's names missing - all over the app;[1];{2=0.12862413, 1=0.09095099};2.0;0.5;0.5;0.0;1.0;1.0;1.0;1.0;1.0;1.0;1.0;1.0;1.0;1
Bug110;0;Artist's names missing - all over the app;1;Non-Synthetic Bug;Data is not displayed;Easy;5;Artist's names missing - all over the app;[17];{17=0.11649028};1.0;1.0;1.0;1.0;1.0;1.0;1.0;1.0;1.0;1.0;1.0;1.0;1.0;1
Bug110;0;Artist's names missing - all over the app;1;Non-Synthetic Bug;Data is not displayed;Easy;5;Artist's names missing - all over the app;[12];{12=0.10707612};1.0;1.0;1.0;1.0;1.0;1.0;1.0;1.0;1.0;1.0;1.0;1.0;1.0;1
Bug110;0;Artist's names missing - all over the app;1;Non-Synthetic Bug;Data is not displayed;Easy;5;Artist's names missing - all over the app;[12];{12=0.10707612};1.0;1.0;1.0;1.0;1.0;1.0;1.0;1.0;1.0;1.0;1.0;1.0;1.0;1
Bug110;0;Artist's names missing - all over the app;1;Non-Synthetic Bug;Data is not displayed;Easy;5;Artist's names missing - all over the app;[14];{6=0.2051214};0.0;0.0;0.0;0.0;0.0;0.0;0.0;0.0;0.0;0.0;0.0;0.0;0.0;1
Bug110;1;On any list in the app there are no artist names present.;0;Non-Synthetic Bug;Data is not displayed;Easy;4;On any list in the app there are no artist names present.;[14];{6=0.14320315, 14=0.07160158};2.0;0.5;0.5;0.0;1.0;1.0;1.0;1.0;1.0;1.0;1.0;1.0;1.0;1
Bug110;1;On any list in the app there are no artist names present.;0;Non-Synthetic Bug;Data is not displayed;Easy;4;On any list in the app there are no artist names present.;[11];{6=0.096620075, 11=0.048310038};2.0;0.5;0.5;0.0;1.0;1.0;1.0;1.0;1.0;1.0;1.0;1.0;1.0;1
Bug110;1;On any list in the app there are no artist names present.;0;Non-Synthetic Bug;Data is not displayed;Easy;4;On any list in the app there are no artist names present.;[19];{11=0.15172432, 19=0.07586216};2.0;0.5;0.5;0.0;1.0;1.0;1.0;1.0;1.0;1.0;1.0;1.0;1.0;1
Bug110;1;On any list in the app there are no artist names present.;0;Non-Synthetic Bug;Data is not displayed;Easy;4;On any list in the app there are no artist names present.;[10];{6=0.096620075, 10=0.048310038};2.0;0.5;0.5;0.0;1.0;1.0;1.0;1.0;1.0;1.0;1.0;1.0;1.0;1
Bug110;1;On any list in the app there are no artist names present.;0;Non-Synthetic Bug;Data is not displayed;Easy;4;On any list in the app there are no artist names present.;[12, 18, 23, 28];{12=0.053576168, 23=0.053576168, 28=0.053576168, 18=0.053576168};1.0;1.0;1.0;1.0;1.0;1.0;1.0;1.0;1.0;1.0;1.0;1.0;1.0;1
Bug110;1;On any list in the app there are no artist names present.;0;Non-Synthetic Bug;Data is not displayed;Easy;4;On any list in the app there are no artist names present.;[12, 18, 23];{12=0.057353046, 23=0.057353046, 18=0.057353046};1.0;1.0;1.0;1.0;1.0;1.0;1.0;1.0;1.0;1.0;1.0;1.0;1.0;1
Bug110;1;On any list in the app there are no artist names present.;0;Non-Synthetic Bug;Data is not displayed;Easy;4;On any list in the app there are no artist names present.;[1];{2=0.09084874, 1=0.064239755};2.0;0.5;0.5;0.0;1.0;1.0;1.0;1.0;1.0;1.0;1.0;1.0;1.0;1
Bug110;1;On any list in the app there are no artist names present.;0;Non-Synthetic Bug;Data is not displayed;Easy;4;On any list in the app there are no artist names present.;[17];{17=0.08266895};1.0;1.0;1.0;1.0;1.0;1.0;1.0;1.0;1.0;1.0;1.0;1.0;1.0;1
Bug110;1;On any list in the app there are no artist names present.;0;Non-Synthetic Bug;Data is not displayed;Easy;4;On any list in the app there are no artist names present.;[12];{12=0.075949624};1.0;1.0;1.0;1.0;1.0;1.0;1.0;1.0;1.0;1.0;1.0;1.0;1.0;1
Bug110;1;On any list in the app there are no artist names present.;0;Non-Synthetic Bug;Data is not displayed;Easy;4;On any list in the app there are no artist names present.;[12];{12=0.075949624};1.0;1.0;1.0;1.0;1.0;1.0;1.0;1.0;1.0;1.0;1.0;1.0;1.0;1
Bug110;1;On any list in the app there are no artist names present.;0;Non-Synthetic Bug;Data is not displayed;Easy;4;On any list in the app there are no artist names present.;[14];{6=0.14545494};0.0;0.0;0.0;0.0;0.0;0.0;0.0;0.0;0.0;0.0;0.0;0.0;0.0;1
Bug110;2;Not even in the artist tab - there are song names listed there instead.;0;Non-Synthetic Bug;Data is not displayed;Hard;3;Not even in the artist tab - there are song names listed there instead.;[14];{4=0.18702601, 6=0.14802474, 14=0.07401237};3.0;0.3333333333333333;0.3333333333333333;0.0;0.0;1.0;1.0;1.0;1.0;1.0;1.0;1.0;1.0;1
Bug110;2;Not even in the artist tab - there are song names listed there instead.;0;Non-Synthetic Bug;Data is not displayed;Hard;3;Not even in the artist tab - there are song names listed there instead.;[11];{11=0.20585993, 4=0.102929965, 6=0.102929965};1.0;1.0;1.0;1.0;1.0;1.0;1.0;1.0;1.0;1.0;1.0;1.0;1.0;1
Bug110;2;Not even in the artist tab - there are song names listed there instead.;0;Non-Synthetic Bug;Data is not displayed;Hard;3;Not even in the artist tab - there are song names listed there instead.;[19];{9=0.19589566, 11=0.15664504, 19=0.07832252};3.0;0.3333333333333333;0.3333333333333333;0.0;0.0;1.0;1.0;1.0;1.0;1.0;1.0;1.0;1.0;1
Bug110;2;Not even in the artist tab - there are song names listed there instead.;0;Non-Synthetic Bug;Data is not displayed;Hard;3;Not even in the artist tab - there are song names listed there instead.;[10];{4=0.102929965, 6=0.102929965, 11=0.051464982, 10=0.051464982};3.0;0.3333333333333333;0.3333333333333333;0.0;0.0;1.0;1.0;1.0;1.0;1.0;1.0;1.0;1.0;1
Bug110;2;Not even in the artist tab - there are song names listed there instead.;0;Non-Synthetic Bug;Data is not displayed;Hard;3;Not even in the artist tab - there are song names listed there instead.;[12, 18, 23, 28];{2=0.078684576, 4=0.078684576, 12=0.05642851, 23=0.05642851, 28=0.05642851, 18=0.05642851};3.0;0.3333333333333333;0.5249999999999999;0.0;0.0;1.0;1.0;1.0;1.0;1.0;1.0;1.0;1.0;1
Bug110;2;Not even in the artist tab - there are song names listed there instead.;0;Non-Synthetic Bug;Data is not displayed;Hard;3;Not even in the artist tab - there are song names listed there instead.;[12, 18, 23];{2=0.07321044, 4=0.07321044, 12=0.06048528, 23=0.06048528, 18=0.06048528};3.0;0.3333333333333333;0.4777777777777777;0.0;0.0;1.0;1.0;1.0;1.0;1.0;1.0;1.0;1.0;1
Bug110;2;Not even in the artist tab - there are song names listed there instead.;0;Non-Synthetic Bug;Data is not displayed;Hard;3;Not even in the artist tab - there are song names listed there instead.;[1];{2=0.09589774, 9=0.09589774, 1=0.06780995, 8=0.06780995};3.0;0.3333333333333333;0.3333333333333333;0.0;0.0;1.0;1.0;1.0;1.0;1.0;1.0;1.0;1.0;1
Bug110;2;Not even in the artist tab - there are song names listed there instead.;0;Non-Synthetic Bug;Data is not displayed;Hard;3;Not even in the artist tab - there are song names listed there instead.;[17];{17=0.08705265, 2=0.06775301, 4=0.06775301};1.0;1.0;1.0;1.0;1.0;1.0;1.0;1.0;1.0;1.0;1.0;1.0;1.0;1
Bug110;2;Not even in the artist tab - there are song names listed there instead.;0;Non-Synthetic Bug;Data is not displayed;Hard;3;Not even in the artist tab - there are song names listed there instead.;[12];{12=0.080224924, 2=0.06116725, 4=0.06116725};1.0;1.0;1.0;1.0;1.0;1.0;1.0;1.0;1.0;1.0;1.0;1.0;1.0;1
Bug110;2;Not even in the artist tab - there are song names listed there instead.;0;Non-Synthetic Bug;Data is not displayed;Hard;3;Not even in the artist tab - there are song names listed there instead.;[12];{12=0.080224924, 2=0.06116725, 4=0.06116725};1.0;1.0;1.0;1.0;1.0;1.0;1.0;1.0;1.0;1.0;1.0;1.0;1.0;1
Bug110;2;Not even in the artist tab - there are song names listed there instead.;0;Non-Synthetic Bug;Data is not displayed;Hard;3;Not even in the artist tab - there are song names listed there instead.;[14];{4=0.15095271, 6=0.15095271};0.0;0.0;0.0;0.0;0.0;0.0;0.0;0.0;0.0;0.0;0.0;0.0;0.0;1
Bug110;3;3. They're never written anywhere;0;Non-Synthetic Bug;Data is not displayed;Hard;2;3. They're never written anywhere;[14];{};0.0;0.0;0.0;0.0;0.0;0.0;0.0;0.0;0.0;0.0;0.0;0.0;0.0;0
Bug110;3;3. They're never written anywhere;0;Non-Synthetic Bug;Data is not displayed;Hard;2;3. They're never written anywhere;[11];{};0.0;0.0;0.0;0.0;0.0;0.0;0.0;0.0;0.0;0.0;0.0;0.0;0.0;0
Bug110;3;3. They're never written anywhere;0;Non-Synthetic Bug;Data is not displayed;Hard;2;3. They're never written anywhere;[19];{};0.0;0.0;0.0;0.0;0.0;0.0;0.0;0.0;0.0;0.0;0.0;0.0;0.0;0
Bug110;3;3. They're never written anywhere;0;Non-Synthetic Bug;Data is not displayed;Hard;2;3. They're never written anywhere;[10];{};0.0;0.0;0.0;0.0;0.0;0.0;0.0;0.0;0.0;0.0;0.0;0.0;0.0;0
Bug110;3;3. They're never written anywhere;0;Non-Synthetic Bug;Data is not displayed;Hard;2;3. They're never written anywhere;[12, 18, 23, 28];{};0.0;0.0;0.0;0.0;0.0;0.0;0.0;0.0;0.0;0.0;0.0;0.0;0.0;0
Bug110;3;3. They're never written anywhere;0;Non-Synthetic Bug;Data is not displayed;Hard;2;3. They're never written anywhere;[12, 18, 23];{};0.0;0.0;0.0;0.0;0.0;0.0;0.0;0.0;0.0;0.0;0.0;0.0;0.0;0
Bug110;3;3. They're never written anywhere;0;Non-Synthetic Bug;Data is not displayed;Hard;2;3. They're never written anywhere;[1];{};0.0;0.0;0.0;0.0;0.0;0.0;0.0;0.0;0.0;0.0;0.0;0.0;0.0;0
Bug110;3;3. They're never written anywhere;0;Non-Synthetic Bug;Data is not displayed;Hard;2;3. They're never written anywhere;[17];{};0.0;0.0;0.0;0.0;0.0;0.0;0.0;0.0;0.0;0.0;0.0;0.0;0.0;0
Bug110;3;3. They're never written anywhere;0;Non-Synthetic Bug;Data is not displayed;Hard;2;3. They're never written anywhere;[12];{};0.0;0.0;0.0;0.0;0.0;0.0;0.0;0.0;0.0;0.0;0.0;0.0;0.0;0
Bug110;3;3. They're never written anywhere;0;Non-Synthetic Bug;Data is not displayed;Hard;2;3. They're never written anywhere;[12];{};0.0;0.0;0.0;0.0;0.0;0.0;0.0;0.0;0.0;0.0;0.0;0.0;0.0;0
Bug110;3;3. They're never written anywhere;0;Non-Synthetic Bug;Data is not displayed;Hard;2;3. They're never written anywhere;[14];{};0.0;0.0;0.0;0.0;0.0;0.0;0.0;0.0;0.0;0.0;0.0;0.0;0.0;0
Bug1146;0;"Currently, the previously displayed text remains, which shows something like """"Showing 9 of 15 satellites (show all)""""";0;Synthetic Bug;Undesirable component;Hard;5;"Currently, the previously displayed text remains, which shows something like """"Showing 9 of 15 satellites (show all)""""";[25, 26];{25=0.95420754, 26=0.55676734, 41=0.041242026};1.0;1.0;1.0;1.0;1.0;1.0;1.0;1.0;1.0;1.0;1.0;1.0;1.0;1
Bug1146;1;Filter text is still visible;0;Synthetic Bug;Undesirable component;Hard;2;Filter text is still visible;[25, 26];{25=0.81258696, 3=0.2806936, 26=0.19848034};1.0;1.0;0.8333333333333333;1.0;1.0;1.0;1.0;1.0;1.0;1.0;1.0;1.0;1.0;1
Bug1147;0;Nav drawer selection color for dark theme isn't right;1;Synthetic Bug;Unsupported theme in component;Hard;2;Nav drawer selection color for dark theme isn't right;[1];{0=0.084318325};0.0;0.0;0.0;0.0;0.0;0.0;0.0;0.0;0.0;0.0;0.0;0.0;0.0;1
Bug1147;0;Nav drawer selection color for dark theme isn't right;1;Synthetic Bug;Unsupported theme in component;Hard;2;Nav drawer selection color for dark theme isn't right;[1];{0=0.10176053};0.0;0.0;0.0;0.0;0.0;0.0;0.0;0.0;0.0;0.0;0.0;0.0;0.0;1
Bug1147;0;Nav drawer selection color for dark theme isn't right;1;Synthetic Bug;Unsupported theme in component;Hard;2;Nav drawer selection color for dark theme isn't right;[1];{0=0.10411819};0.0;0.0;0.0;0.0;0.0;0.0;0.0;0.0;0.0;0.0;0.0;0.0;0.0;1
Bug1147;0;Nav drawer selection color for dark theme isn't right;1;Synthetic Bug;Unsupported theme in component;Hard;2;Nav drawer selection color for dark theme isn't right;[1];{0=0.082356066};0.0;0.0;0.0;0.0;0.0;0.0;0.0;0.0;0.0;0.0;0.0;0.0;0.0;1
Bug1147;1;"The current selection color for the navigation drawer selected item (e.g., """"Status"""" when the status screen is shown) should be darker - it's currently not set as part of the Dark theme (i.e., navdrawer_background_color_selected_dark isn't used).";0;Synthetic Bug;Unsupported theme in component;Easy;4;"The current selection color for the navigation drawer selected item (e.g., """"Status"""" when the status screen is shown) should be darker - it's currently not set as part of the Dark theme (i.e., navdrawer_background_color_selected_dark isn't used).";[1];{0=0.06089908, 8=0.04567431};0.0;0.0;0.0;0.0;0.0;0.0;0.0;0.0;0.0;0.0;0.0;0.0;0.0;1
Bug1147;1;"The current selection color for the navigation drawer selected item (e.g., """"Status"""" when the status screen is shown) should be darker - it's currently not set as part of the Dark theme (i.e., navdrawer_background_color_selected_dark isn't used).";0;Synthetic Bug;Unsupported theme in component;Easy;4;"The current selection color for the navigation drawer selected item (e.g., """"Status"""" when the status screen is shown) should be darker - it's currently not set as part of the Dark theme (i.e., navdrawer_background_color_selected_dark isn't used).";[1];{0=0.07445077, 1=0.057597075, 34=0.034558244, 25=0.034558244, 32=0.034558244};2.0;0.5;0.5;0.0;1.0;1.0;1.0;1.0;1.0;1.0;1.0;1.0;1.0;1
Bug1147;1;"The current selection color for the navigation drawer selected item (e.g., """"Status"""" when the status screen is shown) should be darker - it's currently not set as part of the Dark theme (i.e., navdrawer_background_color_selected_dark isn't used).";0;Synthetic Bug;Unsupported theme in component;Easy;4;"The current selection color for the navigation drawer selected item (e.g., """"Status"""" when the status screen is shown) should be darker - it's currently not set as part of the Dark theme (i.e., navdrawer_background_color_selected_dark isn't used).";[1];{0=0.07615516, 1=0.059562657, 37=0.035737596, 39=0.035737596, 30=0.035737596};2.0;0.5;0.5;0.0;1.0;1.0;1.0;1.0;1.0;1.0;1.0;1.0;1.0;1
Bug1147;1;"The current selection color for the navigation drawer selected item (e.g., """"Status"""" when the status screen is shown) should be darker - it's currently not set as part of the Dark theme (i.e., navdrawer_background_color_selected_dark isn't used).";0;Synthetic Bug;Unsupported theme in component;Easy;4;"The current selection color for the navigation drawer selected item (e.g., """"Status"""" when the status screen is shown) should be darker - it's currently not set as part of the Dark theme (i.e., navdrawer_background_color_selected_dark isn't used).";[1];{0=0.059487805, 6=0.044615854};0.0;0.0;0.0;0.0;0.0;0.0;0.0;0.0;0.0;0.0;0.0;0.0;0.0;1
Bug1147;2;The lighter navdrawer_background_color_selected_light color is used for the selected item;0;Synthetic Bug;Unsupported theme in component;Hard;2;The lighter navdrawer_background_color_selected_light color is used for the selected item;[1];{};0.0;0.0;0.0;0.0;0.0;0.0;0.0;0.0;0.0;0.0;0.0;0.0;0.0;0
Bug1147;2;The lighter navdrawer_background_color_selected_light color is used for the selected item;0;Synthetic Bug;Unsupported theme in component;Hard;2;The lighter navdrawer_background_color_selected_light color is used for the selected item;[1];{};0.0;0.0;0.0;0.0;0.0;0.0;0.0;0.0;0.0;0.0;0.0;0.0;0.0;0
Bug1147;2;The lighter navdrawer_background_color_selected_light color is used for the selected item;0;Synthetic Bug;Unsupported theme in component;Hard;2;The lighter navdrawer_background_color_selected_light color is used for the selected item;[1];{};0.0;0.0;0.0;0.0;0.0;0.0;0.0;0.0;0.0;0.0;0.0;0.0;0.0;0
Bug1147;2;The lighter navdrawer_background_color_selected_light color is used for the selected item;0;Synthetic Bug;Unsupported theme in component;Hard;2;The lighter navdrawer_background_color_selected_light color is used for the selected item;[1];{};0.0;0.0;0.0;0.0;0.0;0.0;0.0;0.0;0.0;0.0;0.0;0.0;0.0;0
Bug1198;0;[Bug] Encrypted PDF gets overwritten in case same pdf is encrypted again;1;Non-Synthetic Bug;Undesirable  behavior ;Easy;5;[Bug] Encrypted PDF gets overwritten in case same pdf is encrypted again;[22, 23, 24, 25, 26, 27, 28, 29];{1=0.1484536, 11=0.1113402, 19=0.1113402, 23=0.092783496, 15=0.092783496, 27=0.092783496, 7=0.092783496};6.0;0.1666666666666666;0.056547619047619;0.0;0.0;0.0;0.0;0.0;1.0;1.0;1.0;1.0;1.0;1
Bug1198;1;7. The previous file abc_encrypted.pdf is overwritten;0;Non-Synthetic Bug;Undesirable  behavior ;Hard;4;7. The previous file abc_encrypted.pdf is overwritten;[22, 23, 24, 25, 26, 27, 28, 29];{15=0.39452606, 23=0.34178174, 27=0.34178174, 11=0.11151944, 19=0.11151944, 7=0.092932865, 1=0.05334536, 12=0.015750702, 24=0.015750702, 16=0.015750702, 28=0.015750702, 8=0.015750702, 20=0.015750702, 13=0.0131255835, 25=0.0131255835, 17=0.0131255835, 29=0.0131255835, 9=0.0131255835, 21=0.0131255835};2.0;0.5;0.2897407782276203;0.0;1.0;1.0;1.0;1.0;1.0;1.0;1.0;1.0;1.0;1
Bug1207;0;App crashes due to invalid values being processed;1;Non-Synthetic Bug;App crashes;Hard;3;App crashes due to invalid values being processed;[10, 11, 12, 13];{};0.0;0.0;0.0;0.0;0.0;0.0;0.0;0.0;0.0;0.0;0.0;0.0;0.0;0
Bug1207;1;"When entering an invalid value (empty or """"0"""") in the """"Advanced Options"""" section when manually entering details, the app crashes.";0;Non-Synthetic Bug;App crashes;Easy;5;"When entering an invalid value (empty or """"0"""") in the """"Advanced Options"""" section when manually entering details, the app crashes.";[10, 11, 12, 13];{0=0.22590351, 9=0.020916991};0.0;0.0;0.0;0.0;0.0;0.0;0.0;0.0;0.0;0.0;0.0;0.0;0.0;1
Bug1207;2;App crashes.;0;Non-Synthetic Bug;App crashes;Hard;2;App crashes.;[10, 11, 12, 13];{};0.0;0.0;0.0;0.0;0.0;0.0;0.0;0.0;0.0;0.0;0.0;0.0;0.0;0
Bug1213;0;Confirmation field in settings doesn't react to show password option;1;Non-Synthetic Bug;Undesirable  behavior ;Easy;4;Confirmation field in settings doesn't react to show password option;[7];{6=0.08624986, 2=0.025553819, 5=0.022586597, 7=0.022586597};4.0;0.25;0.25;0.0;0.0;0.0;1.0;1.0;1.0;1.0;1.0;1.0;1.0;1
Bug1213;1;Password/PIN shows only in the main field, not the confirm field.;0;Non-Synthetic Bug;Undesirable  behavior ;Easy;4;Password/PIN shows only in the main field, not the confirm field.;[7];{7=0.16324317, 6=0.09234429, 3=0.064984836, 2=0.027359458, 5=0.024182571};1.0;1.0;1.0;1.0;1.0;1.0;1.0;1.0;1.0;1.0;1.0;1.0;1.0;1
Bug1214;0;"Confirmation field doesn't react to """"show password"""" option when setting password/PIN the first time";1;Synthetic Bug;Unclickable component;Easy;5;"Confirmation field doesn't react to """"show password"""" option when setting password/PIN the first time";[5];{1=0.2109906, 4=0.089189634, 2=0.045964967, 5=0.040627673, 3=0.03250214};4.0;0.25;0.25;0.0;0.0;0.0;1.0;1.0;1.0;1.0;1.0;1.0;1.0;1
Bug1214;1;The confirm password field doesn't show password/PIN.;0;Synthetic Bug;Text in Component disappears;Easy;4;The confirm password field doesn't show password/PIN.;[5];{5=0.39325917, 1=0.27528143, 4=0.22246099, 2=0.114648, 3=0.081068374};1.0;1.0;1.0;1.0;1.0;1.0;1.0;1.0;1.0;1.0;1.0;1.0;1.0;1
Bug1215;0;Crash when entering too large of a number in manual entry dialog;1;Non-Synthetic Bug;App crashes;Easy;4;Crash when entering too large of a number in manual entry dialog;[10];{0=0.056862134, 13=0.047385115, 12=0.023527365, 6=0.023527365, 10=0.023527365, 4=0.019606138, 8=0.019606138};4.0;0.25;0.25;0.0;0.0;0.0;1.0;1.0;1.0;1.0;1.0;1.0;1.0;1
Bug1215;0;Crash when entering too large of a number in manual entry dialog;1;Non-Synthetic Bug;App crashes;Easy;4;Crash when entering too large of a number in manual entry dialog;[10];{0=0.056862134, 13=0.047385115, 12=0.023527365, 10=0.023527365, 4=0.019606138, 6=0.019606138, 8=0.019606138};3.0;0.3333333333333333;0.3333333333333333;0.0;0.0;1.0;1.0;1.0;1.0;1.0;1.0;1.0;1.0;1
Bug1215;1;The application crashes.;0;Non-Synthetic Bug;App crashes;Hard;2;The application crashes.;[10];{};0.0;0.0;0.0;0.0;0.0;0.0;0.0;0.0;0.0;0.0;0.0;0.0;0.0;0
Bug1215;1;The application crashes.;0;Non-Synthetic Bug;App crashes;Hard;2;The application crashes.;[10];{};0.0;0.0;0.0;0.0;0.0;0.0;0.0;0.0;0.0;0.0;0.0;0.0;0.0;0
Bug1222;0;Weekly scheduled exports are listed with the wrong day;1;Synthetic Bug;Wrong information is displayed;Easy;4;Weekly scheduled exports are listed with the wrong day;[7];{2=0.19464622, 4=0.086022295, 1=0.06881784, 7=0.062421616};4.0;0.25;0.25;0.0;0.0;0.0;1.0;1.0;1.0;1.0;1.0;1.0;1.0;1
Bug1222;1;"The scheduled export is listed as """"Weekly on Thursday"""".";0;Synthetic Bug;Wrong information is displayed;Hard;3;"The scheduled export is listed as """"Weekly on Thursday"""".";[7];{7=0.26564547, 2=0.20708728, 4=0.09152051, 1=0.07321641};1.0;1.0;1.0;1.0;1.0;1.0;1.0;1.0;1.0;1.0;1.0;1.0;1.0;1
Bug1223;0;Split memos disappear;1;Non-Synthetic Bug;Data is not displayed;Easy;3;Split memos disappear;[10];{17=0.5329075, 10=0.5329075, 1=0.07332887, 2=0.06481417, 13=0.05499665, 14=0.05499665, 16=0.05499665, 6=0.05499665, 7=0.05499665, 9=0.05499665, 15=0.045830544, 8=0.045830544};1.0;1.0;1.0;1.0;1.0;1.0;1.0;1.0;1.0;1.0;1.0;1.0;1.0;1
Bug1223;0;Split memos disappear;1;Non-Synthetic Bug;Data is not displayed;Easy;3;Split memos disappear;[10];{17=0.5206924, 10=0.5206924, 1=0.069924966, 2=0.061805516, 13=0.052443724, 14=0.052443724, 16=0.052443724, 6=0.052443724, 7=0.052443724, 9=0.052443724, 15=0.0437031, 8=0.0437031};1.0;1.0;1.0;1.0;1.0;1.0;1.0;1.0;1.0;1.0;1.0;1.0;1.0;1
Bug1223;1;Split do not have their memos anymore.;0;Non-Synthetic Bug;Data is not displayed;Easy;3;Split do not have their memos anymore.;[10];{17=0.5329075, 10=0.5329075, 1=0.07332887, 2=0.06481417, 13=0.05499665, 14=0.05499665, 16=0.05499665, 6=0.05499665, 7=0.05499665, 9=0.05499665, 15=0.045830544, 8=0.045830544};1.0;1.0;1.0;1.0;1.0;1.0;1.0;1.0;1.0;1.0;1.0;1.0;1.0;1
Bug1223;1;Split do not have their memos anymore.;0;Non-Synthetic Bug;Data is not displayed;Easy;3;Split do not have their memos anymore.;[10];{17=0.5206924, 10=0.5206924, 1=0.069924966, 2=0.061805516, 13=0.052443724, 14=0.052443724, 16=0.052443724, 6=0.052443724, 7=0.052443724, 9=0.052443724, 15=0.0437031, 8=0.0437031};1.0;1.0;1.0;1.0;1.0;1.0;1.0;1.0;1.0;1.0;1.0;1.0;1.0;1
Bug1224;0;When an account is edited, its color is lost;1;Synthetic Bug;Component is not displayed (correctly);Hard;4;When an account is edited, its color is lost;[6, 18, 24, 30];{12=0.28440213, 24=0.28440213, 18=0.28440213, 6=0.28440213, 30=0.28440213, 22=0.04045671, 34=0.04045671, 36=0.04045671, 16=0.04045671, 28=0.04045671, 10=0.04045671, 14=0.033713922, 26=0.033713922, 8=0.033713922, 20=0.033713922, 32=0.033713922};1.0;1.0;0.8041666666666667;1.0;1.0;1.0;1.0;1.0;1.0;1.0;1.0;1.0;1.0;1
Bug1224;0;When an account is edited, its color is lost;1;Synthetic Bug;Component is not displayed (correctly);Hard;4;When an account is edited, its color is lost;[6, 18, 24, 30, 36];{12=0.27988055, 24=0.27988055, 36=0.27988055, 18=0.27988055, 6=0.27988055, 30=0.27988055, 22=0.041142892, 34=0.041142892, 16=0.041142892, 38=0.041142892, 28=0.041142892, 42=0.041142892, 10=0.041142892, 14=0.034285743, 26=0.034285743, 8=0.034285743, 20=0.034285743, 32=0.034285743};1.0;1.0;0.8099999999999999;1.0;1.0;1.0;1.0;1.0;1.0;1.0;1.0;1.0;1.0;1
Bug1224;0;When an account is edited, its color is lost;1;Synthetic Bug;Component is not displayed (correctly);Hard;4;When an account is edited, its color is lost;[6, 18, 24, 30, 36];{12=0.27988055, 24=0.27988055, 36=0.27988055, 18=0.27988055, 6=0.27988055, 30=0.27988055, 22=0.041142892, 33=0.041142892, 16=0.041142892, 38=0.041142892, 28=0.041142892, 42=0.041142892, 10=0.041142892, 14=0.034285743, 26=0.034285743, 8=0.034285743, 20=0.034285743, 32=0.034285743};1.0;1.0;0.8099999999999999;1.0;1.0;1.0;1.0;1.0;1.0;1.0;1.0;1.0;1.0;1
Bug1224;0;When an account is edited, its color is lost;1;Synthetic Bug;Component is not displayed (correctly);Hard;4;When an account is edited, its color is lost;[5];{5=0.35545632, 9=0.05526666, 2=0.046055548, 7=0.046055548};1.0;1.0;1.0;1.0;1.0;1.0;1.0;1.0;1.0;1.0;1.0;1.0;1.0;1
Bug1224;0;When an account is edited, its color is lost;1;Synthetic Bug;Component is not displayed (correctly);Hard;4;When an account is edited, its color is lost;[5, 11];{11=0.32556134, 5=0.32556134, 14=0.05251929, 9=0.05251929, 2=0.043766074, 7=0.043766074};1.0;1.0;1.0;1.0;1.0;1.0;1.0;1.0;1.0;1.0;1.0;1.0;1.0;1
Bug1224;1;The color is unset.;0;Synthetic Bug;Showing data in wrong format;Hard;2;The color is unset.;[6, 18, 24, 30];{12=0.27573237, 24=0.27573237, 6=0.27573237, 18=0.27573237, 30=0.27573237};1.0;1.0;0.8041666666666667;1.0;1.0;1.0;1.0;1.0;1.0;1.0;1.0;1.0;1.0;1
Bug1224;1;The color is unset.;0;Synthetic Bug;Showing data in wrong format;Hard;2;The color is unset.;[6, 18, 24, 30, 36];{12=0.26867244, 24=0.26867244, 36=0.26867244, 6=0.26867244, 18=0.26867244, 30=0.26867244};1.0;1.0;0.8099999999999999;1.0;1.0;1.0;1.0;1.0;1.0;1.0;1.0;1.0;1.0;1
Bug1224;1;The color is unset.;0;Synthetic Bug;Showing data in wrong format;Hard;2;The color is unset.;[6, 18, 24, 30, 36];{12=0.26867244, 24=0.26867244, 36=0.26867244, 6=0.26867244, 18=0.26867244, 30=0.26867244};1.0;1.0;0.8099999999999999;1.0;1.0;1.0;1.0;1.0;1.0;1.0;1.0;1.0;1.0;1
Bug1224;1;The color is unset.;0;Synthetic Bug;Showing data in wrong format;Hard;2;The color is unset.;[5];{5=0.3272737};1.0;1.0;1.0;1.0;1.0;1.0;1.0;1.0;1.0;1.0;1.0;1.0;1.0;1
Bug1224;1;The color is unset.;0;Synthetic Bug;Showing data in wrong format;Hard;2;The color is unset.;[5, 11];{11=0.2977769, 5=0.2977769};1.0;1.0;1.0;1.0;1.0;1.0;1.0;1.0;1.0;1.0;1.0;1.0;1.0;1
Bug1226;0;App crashes after creating account with BYN currency;1;Non-Synthetic Bug;App crashes;Easy;5;App crashes after creating account with BYN currency;[2];{1=0.2298955, 4=0.101114266, 6=0.034056336, 3=0.02554225, 9=0.02554225};0.0;0.0;0.0;0.0;0.0;0.0;0.0;0.0;0.0;0.0;0.0;0.0;0.0;1
Bug1226;0;App crashes after creating account with BYN currency;1;Non-Synthetic Bug;App crashes;Easy;5;App crashes after creating account with BYN currency;[2];{1=0.23308937, 4=0.1175275, 6=0.022522692, 10=0.019907434, 3=0.01689202, 9=0.01689202, 11=0.015925948, 12=0.014076682, 13=0.014076682};0.0;0.0;0.0;0.0;0.0;0.0;0.0;0.0;0.0;0.0;0.0;0.0;0.0;1
Bug1226;1;3. App crashes;0;Non-Synthetic Bug;App crashes;Hard;2;3. App crashes;[2];{};0.0;0.0;0.0;0.0;0.0;0.0;0.0;0.0;0.0;0.0;0.0;0.0;0.0;0
Bug1226;1;3. App crashes;0;Non-Synthetic Bug;App crashes;Hard;2;3. App crashes;[2];{};0.0;0.0;0.0;0.0;0.0;0.0;0.0;0.0;0.0;0.0;0.0;0.0;0.0;0
Bug1226;2;4. Any further attempts to start the app cause crashes;0;Non-Synthetic Bug;App crashes;Easy;5;4. Any further attempts to start the app cause crashes;[2];{};0.0;0.0;0.0;0.0;0.0;0.0;0.0;0.0;0.0;0.0;0.0;0.0;0.0;0
Bug1226;2;4. Any further attempts to start the app cause crashes;0;Non-Synthetic Bug;App crashes;Easy;5;4. Any further attempts to start the app cause crashes;[2];{};0.0;0.0;0.0;0.0;0.0;0.0;0.0;0.0;0.0;0.0;0.0;0.0;0.0;0
Bug129;0;App crashes if incorrect secret is entered;1;Non-Synthetic Bug;App crashes;Easy;5;App crashes if incorrect secret is entered;[8];{7=0.10891806, 0=0.08787605, 8=0.077016704};3.0;0.3333333333333333;0.3333333333333333;0.0;0.0;1.0;1.0;1.0;1.0;1.0;1.0;1.0;1.0;1
Bug129;0;App crashes if incorrect secret is entered;1;Non-Synthetic Bug;App crashes;Easy;5;App crashes if incorrect secret is entered;[8];{7=0.10891806, 0=0.08787605, 8=0.077016704};3.0;0.3333333333333333;0.3333333333333333;0.0;0.0;1.0;1.0;1.0;1.0;1.0;1.0;1.0;1.0;1
Bug129;1;App crashes.;0;Non-Synthetic Bug;App crashes;Hard;2;App crashes.;[8];{};0.0;0.0;0.0;0.0;0.0;0.0;0.0;0.0;0.0;0.0;0.0;0.0;0.0;0
Bug129;1;App crashes.;0;Non-Synthetic Bug;App crashes;Hard;2;App crashes.;[8];{};0.0;0.0;0.0;0.0;0.0;0.0;0.0;0.0;0.0;0.0;0.0;0.0;0.0;0
Bug1299;0;[BUG] Crashes in Collect after importing field_sample.csv;1;Non-Synthetic Bug;App crashes;Easy;3;[BUG] Crashes in Collect after importing field_sample.csv;[16];{};0.0;0.0;0.0;0.0;0.0;0.0;0.0;0.0;0.0;0.0;0.0;0.0;0.0;0
Bug1299;1;Following exception occurs after importing a sample csv, going to Collect, and pressing the +1 button.;0;Non-Synthetic Bug;App crashes;Easy;5;Following exception occurs after importing a sample csv, going to Collect, and pressing the +1 button.;[16];{0=0.02929568, 16=0.017577408, 17=0.017577408, 18=0.017577408, 19=0.017577408};2.0;0.5;0.5;0.0;1.0;1.0;1.0;1.0;1.0;1.0;1.0;1.0;1.0;1
Bug1299;2;6. Click any button (other than primary/secondary choice) on this page and the app crashes;0;Non-Synthetic Bug;App crashes;Easy;4;6. Click any button (other than primary/secondary choice) on this page and the app crashes;[16];{0=0.035141356, 16=0.021084815, 17=0.021084815, 18=0.021084815, 19=0.021084815};2.0;0.5;0.5;0.0;1.0;1.0;1.0;1.0;1.0;1.0;1.0;1.0;1.0;1
Bug130;0;"Onboarding issues: Third """"Let's get started"""" slide show the wrong encryption method";1;Synthetic Bug;Undesirable component;Hard;3;"Onboarding issues: Third """"Let's get started"""" slide show the wrong encryption method";[1];{1=0.06809633, 5=0.019456096};1.0;1.0;1.0;1.0;1.0;1.0;1.0;1.0;1.0;1.0;1.0;1.0;1.0;1
Bug130;0;"Onboarding issues: Third """"Let's get started"""" slide show the wrong encryption method";1;Synthetic Bug;Undesirable component;Hard;3;"Onboarding issues: Third """"Let's get started"""" slide show the wrong encryption method";[1];{1=0.06809633, 4=0.019456096};1.0;1.0;1.0;1.0;1.0;1.0;1.0;1.0;1.0;1.0;1.0;1.0;1.0;1
Bug130;0;"Onboarding issues: Third """"Let's get started"""" slide show the wrong encryption method";1;Synthetic Bug;Undesirable component;Hard;3;"Onboarding issues: Third """"Let's get started"""" slide show the wrong encryption method";[3];{1=0.0714396, 5=0.020411314};0.0;0.0;0.0;0.0;0.0;0.0;0.0;0.0;0.0;0.0;0.0;0.0;0.0;1
Bug130;1;Since you have chosen Android KeyStore as encryption method this is optional.;0;Synthetic Bug;Undesirable component;Hard;3;Since you have chosen Android KeyStore as encryption method this is optional.;[1];{1=1.308048, 2=0.06137727};1.0;1.0;1.0;1.0;1.0;1.0;1.0;1.0;1.0;1.0;1.0;1.0;1.0;1
Bug130;1;Since you have chosen Android KeyStore as encryption method this is optional.;0;Synthetic Bug;Undesirable component;Hard;3;Since you have chosen Android KeyStore as encryption method this is optional.;[1];{1=1.308048, 2=0.06137727};1.0;1.0;1.0;1.0;1.0;1.0;1.0;1.0;1.0;1.0;1.0;1.0;1.0;1
Bug130;1;Since you have chosen Android KeyStore as encryption method this is optional.;0;Synthetic Bug;Undesirable component;Hard;3;Since you have chosen Android KeyStore as encryption method this is optional.;[3];{1=1.3643992, 2=0.06489898};0.0;0.0;0.0;0.0;0.0;0.0;0.0;0.0;0.0;0.0;0.0;0.0;0.0;1
Bug130;2;"The dropdown on the third slide has """"None"""" and """"Device credentials"""" greyed out, so I guess the text is just a UI bug.";0;Synthetic Bug;Undesirable component;Hard;3;"The dropdown on the third slide has """"None"""" and """"Device credentials"""" greyed out, so I guess the text is just a UI bug.";[1];{2=0.02635623, 5=0.013178115};0.0;0.0;0.0;0.0;0.0;0.0;0.0;0.0;0.0;0.0;0.0;0.0;0.0;1
Bug130;2;"The dropdown on the third slide has """"None"""" and """"Device credentials"""" greyed out, so I guess the text is just a UI bug.";0;Synthetic Bug;Undesirable component;Hard;3;"The dropdown on the third slide has """"None"""" and """"Device credentials"""" greyed out, so I guess the text is just a UI bug.";[1];{2=0.02635623, 4=0.013178115};0.0;0.0;0.0;0.0;0.0;0.0;0.0;0.0;0.0;0.0;0.0;0.0;0.0;1
Bug130;2;"The dropdown on the third slide has """"None"""" and """"Device credentials"""" greyed out, so I guess the text is just a UI bug.";0;Synthetic Bug;Undesirable component;Hard;3;"The dropdown on the third slide has """"None"""" and """"Device credentials"""" greyed out, so I guess the text is just a UI bug.";[3];{2=0.028117524, 5=0.014058762};0.0;0.0;0.0;0.0;0.0;0.0;0.0;0.0;0.0;0.0;0.0;0.0;0.0;1
Bug130;3;"I went back to the second slide and double checked, it still says """"Password / PIN"""".";0;Synthetic Bug;Undesirable component;Hard;4;"I went back to the second slide and double checked, it still says """"Password / PIN"""".";[1];{6=0.05114926, 2=0.02326661, 5=0.016451977, 4=0.014541631, 3=0.011633305};0.0;0.0;0.0;0.0;0.0;0.0;0.0;0.0;0.0;0.0;0.0;0.0;0.0;1
Bug130;3;"I went back to the second slide and double checked, it still says """"Password / PIN"""".";0;Synthetic Bug;Undesirable component;Hard;4;"I went back to the second slide and double checked, it still says """"Password / PIN"""".";[1];{6=0.05114926, 2=0.02326661, 4=0.016451977, 3=0.014541631, 5=0.014541631};0.0;0.0;0.0;0.0;0.0;0.0;0.0;0.0;0.0;0.0;0.0;0.0;0.0;1
Bug130;3;"I went back to the second slide and double checked, it still says """"Password / PIN"""".";0;Synthetic Bug;Undesirable component;Hard;4;"I went back to the second slide and double checked, it still says """"Password / PIN"""".";[3];{7=0.053893935, 2=0.020439941, 4=0.01445322, 5=0.01445322, 6=0.01445322, 3=0.010219971};6.0;0.1666666666666666;0.1666666666666666;0.0;0.0;0.0;0.0;0.0;1.0;1.0;1.0;1.0;1.0;1
Bug130;4;"Selecting """"Android KeyStore"""" and then back to """"Password / PIN"""" updates the text on the third slide.";0;Synthetic Bug;Undesirable component;Hard;4;"Selecting """"Android KeyStore"""" and then back to """"Password / PIN"""" updates the text on the third slide.";[1];{2=0.17139153, 1=0.11215047, 5=0.04018757, 6=0.027948031, 4=0.007945569, 3=0.0063564554};2.0;0.5;0.5;0.0;1.0;1.0;1.0;1.0;1.0;1.0;1.0;1.0;1.0;1
Bug130;4;"Selecting """"Android KeyStore"""" and then back to """"Password / PIN"""" updates the text on the third slide.";0;Synthetic Bug;Undesirable component;Hard;4;"Selecting """"Android KeyStore"""" and then back to """"Password / PIN"""" updates the text on the third slide.";[1];{2=0.17139153, 1=0.11215047, 4=0.04018757, 6=0.027948031, 3=0.007945569, 5=0.007945569};2.0;0.5;0.5;0.0;1.0;1.0;1.0;1.0;1.0;1.0;1.0;1.0;1.0;1
Bug130;4;"Selecting """"Android KeyStore"""" and then back to """"Password / PIN"""" updates the text on the third slide.";0;Synthetic Bug;Undesirable component;Hard;4;"Selecting """"Android KeyStore"""" and then back to """"Password / PIN"""" updates the text on the third slide.";[3];{2=0.17544122, 1=0.118200615, 5=0.039411888, 7=0.029336307, 4=0.007867381, 6=0.007867381, 3=0.005563079};7.0;0.1428571428571428;0.1428571428571428;0.0;0.0;0.0;0.0;0.0;0.0;1.0;1.0;1.0;1.0;1
Bug130;5;"However, here's a second issue: if I explicitly select """"Android KeyStore"""" then the third slide still has a red text saying """"Please set a password to continue"""".";0;Synthetic Bug;Undesirable component;Easy;5;"However, here's a second issue: if I explicitly select """"Android KeyStore"""" then the third slide still has a red text saying """"Please set a password to continue"""".";[1];{2=0.09097184, 1=0.059527643, 5=0.021330912, 4=0.0042173793, 3=0.0033739035};2.0;0.5;0.5;0.0;1.0;1.0;1.0;1.0;1.0;1.0;1.0;1.0;1.0;1
Bug130;5;"However, here's a second issue: if I explicitly select """"Android KeyStore"""" then the third slide still has a red text saying """"Please set a password to continue"""".";0;Synthetic Bug;Undesirable component;Easy;5;"However, here's a second issue: if I explicitly select """"Android KeyStore"""" then the third slide still has a red text saying """"Please set a password to continue"""".";[1];{2=0.09097184, 1=0.059527643, 4=0.021330912, 3=0.0042173793, 5=0.0042173793};2.0;0.5;0.5;0.0;1.0;1.0;1.0;1.0;1.0;1.0;1.0;1.0;1.0;1
Bug130;5;"However, here's a second issue: if I explicitly select """"Android KeyStore"""" then the third slide still has a red text saying """"Please set a password to continue"""".";0;Synthetic Bug;Undesirable component;Easy;5;"However, here's a second issue: if I explicitly select """"Android KeyStore"""" then the third slide still has a red text saying """"Please set a password to continue"""".";[3];{3=0.12293738, 2=0.097420454, 1=0.06563542, 5=0.02188496, 4=0.0043686647, 6=0.0043686647};1.0;1.0;1.0;1.0;1.0;1.0;1.0;1.0;1.0;1.0;1.0;1.0;1.0;1
Bug1389;0;Crash when adding empty link;1;Non-Synthetic Bug;App crashes;Easy;4;Crash when adding empty link;[1, 4];{2=0.11846541, 4=0.029227871, 0=0.025834031, 1=0.014613936};2.0;0.5;0.5;0.0;1.0;1.0;1.0;1.0;1.0;1.0;1.0;1.0;1.0;1
Bug1389;1;"Open app -> tap to + button -> write """"abcde"""" or leave a blank line -> tap to add button -> crash";0;Non-Synthetic Bug;App crashes;Easy;5;"Open app -> tap to + button -> write """"abcde"""" or leave a blank line -> tap to add button -> crash";[1, 4];{4=0.10480642, 3=0.060500037, 2=0.04784292, 0=0.0041413982, 1=0.0023427287};1.0;1.0;0.7;1.0;1.0;1.0;1.0;1.0;1.0;1.0;1.0;1.0;1.0;1
Bug1403;0;Unable to edit the edited photo;1;Non-Synthetic Bug;App crashes;Hard;3;Unable to edit the edited photo;[2];{2=0.8813603};1.0;1.0;1.0;1.0;1.0;1.0;1.0;1.0;1.0;1.0;1.0;1.0;1.0;1
Bug1403;1;App crashes on editing the edited photo;0;Non-Synthetic Bug;App crashes;Easy;5;App crashes on editing the edited photo;[2];{2=0.091442995};1.0;1.0;1.0;1.0;1.0;1.0;1.0;1.0;1.0;1.0;1.0;1.0;1.0;1
Bug1425;0;BMI wrong when weight is not in kg;1;Synthetic Bug;Wrong information is displayed;Easy;5;BMI wrong when weight is not in kg;[22, 23];{22=0.46159288, 5=0.18096767, 1=0.14477414, 6=0.10858061, 7=0.10858061, 24=0.09048384, 28=0.09048384, 8=0.09048384};1.0;1.0;0.5;1.0;1.0;1.0;1.0;1.0;1.0;1.0;1.0;1.0;1.0;1
Bug1425;1;When the weight is set in lb or st the BMI calculated is wrong.;0;Synthetic Bug;Wrong information is displayed;Easy;5;When the weight is set in lb or st the BMI calculated is wrong.;[22, 23];{22=0.19554509, 5=0.07666353, 1=0.061330825, 6=0.045998123, 7=0.045998123, 24=0.038331766, 28=0.038331766, 8=0.038331766};1.0;1.0;0.5;1.0;1.0;1.0;1.0;1.0;1.0;1.0;1.0;1.0;1.0;1
Bug1425;2;See error;0;Synthetic Bug;Wrong information is displayed;Hard;1;See error;[22, 23];{};0.0;0.0;0.0;0.0;0.0;0.0;0.0;0.0;0.0;0.0;0.0;0.0;0.0;0
Bug1428;0;Body measure is in kg/lbs/st while it should be in cm/in;1;Synthetic Bug;Textual error in screen;Easy;4;Body measure is in kg/lbs/st while it should be in cm/in;[5];{};0.0;0.0;0.0;0.0;0.0;0.0;0.0;0.0;0.0;0.0;0.0;0.0;0.0;0
Bug1428;1;Body measures unit are displayed in KG when there is no record already done.;0;Synthetic Bug;Textual error in screen;Easy;5;Body measures unit are displayed in KG when there is no record already done.;[5];{};0.0;0.0;0.0;0.0;0.0;0.0;0.0;0.0;0.0;0.0;0.0;0.0;0.0;0
Bug1428;2;"4. Spinner shows """"kg"""" while it should show """"cm""""";0;Synthetic Bug;Textual error in screen;Hard;3;"4. Spinner shows """"kg"""" while it should show """"cm""""";[5];{};0.0;0.0;0.0;0.0;0.0;0.0;0.0;0.0;0.0;0.0;0.0;0.0;0.0;0
Bug1430;0;Crash after deleting a program that is in progress;1;Non-Synthetic Bug;App crashes;Hard;3;Crash after deleting a program that is in progress;[10, 11];{1=0.10740062, 5=0.08055046, 15=0.06712539, 6=0.06712539};0.0;0.0;0.0;0.0;0.0;0.0;0.0;0.0;0.0;0.0;0.0;0.0;0.0;1
Bug1430;1;"If you start a program, then go to delete it without first stopping it, then the next time you go back into """"Workout"""" the application will crash.";0;Non-Synthetic Bug;App crashes;Easy;5;"If you start a program, then go to delete it without first stopping it, then the next time you go back into """"Workout"""" the application will crash.";[10, 11];{5=0.10261956, 7=0.03241833, 1=0.031363524, 11=0.027787136, 15=0.019602204, 6=0.019602204};4.0;0.25;0.125;0.0;0.0;0.0;1.0;1.0;1.0;1.0;1.0;1.0;1.0;1
Bug1430;2;It will be stuck in a crash loop.;0;Non-Synthetic Bug;App crashes;Hard;2;It will be stuck in a crash loop.;[10, 11];{};0.0;0.0;0.0;0.0;0.0;0.0;0.0;0.0;0.0;0.0;0.0;0.0;0.0;0
Bug1430;3;The application will crash.;0;Non-Synthetic Bug;App crashes;Hard;2;The application will crash.;[10, 11];{};0.0;0.0;0.0;0.0;0.0;0.0;0.0;0.0;0.0;0.0;0.0;0.0;0.0;0
Bug1441;0;Issue manually entering fishing spot coordinates;1;Synthetic Bug;Textual error in screen;Hard;2;Issue manually entering fishing spot coordinates;[8];{6=0.18748987};0.0;0.0;0.0;0.0;0.0;0.0;0.0;0.0;0.0;0.0;0.0;0.0;0.0;1
Bug1441;1;"If the """"sync"""" icon isn't clicked after manually entering coordinates, the fishing spot's coordinates aren't updated accordingly.";0;Synthetic Bug;Uneditable component;Easy;5;"If the """"sync"""" icon isn't clicked after manually entering coordinates, the fishing spot's coordinates aren't updated accordingly.";[8];{6=0.0745651, 4=0.021090195};0.0;0.0;0.0;0.0;0.0;0.0;0.0;0.0;0.0;0.0;0.0;0.0;0.0;1
Bug1441;2;5. In the edit location screen the coordinates are not correct;0;Non-Synthetic Bug;Undesirable  behavior ;Easy;4;5. In the edit location screen the coordinates are not correct;[8];{2=0.1000272, 5=0.0750204};0.0;0.0;0.0;0.0;0.0;0.0;0.0;0.0;0.0;0.0;0.0;0.0;0.0;1
Bug1446;0;Trying to edit fishing spots adds a new one to the list, and the coordinates of the existing fishing spot are not updated.;0;Synthetic Bug;Wrong information is displayed;Easy;5;Trying to edit fishing spots adds a new one to the list, and the coordinates of the existing fishing spot are not updated.;[7, 8, 9, 10, 11, 12];{6=0.48301134, 2=0.022799913, 5=0.017099936};0.0;0.0;0.0;0.0;0.0;0.0;0.0;0.0;0.0;0.0;0.0;0.0;0.0;1
Bug1446;0;Trying to edit fishing spots adds a new one to the list, and the coordinates of the existing fishing spot are not updated.;0;Synthetic Bug;Wrong information is displayed;Easy;5;Trying to edit fishing spots adds a new one to the list, and the coordinates of the existing fishing spot are not updated.;[7, 8, 9];{6=0.43850884, 2=0.028064568, 5=0.021048425};0.0;0.0;0.0;0.0;0.0;0.0;0.0;0.0;0.0;0.0;0.0;0.0;0.0;1
Bug1446;1;5. There will be two of the same spot showing in the list;0;Synthetic Bug;Undesirable component;Easy;4;5. There will be two of the same spot showing in the list;[7, 8, 9, 10, 11, 12];{6=0.0995242, 4=0.07961936};0.0;0.0;0.0;0.0;0.0;0.0;0.0;0.0;0.0;0.0;0.0;0.0;0.0;1
Bug1446;1;5. There will be two of the same spot showing in the list;0;Synthetic Bug;Undesirable component;Easy;4;5. There will be two of the same spot showing in the list;[7, 8, 9];{6=0.089368254, 4=0.0714946};0.0;0.0;0.0;0.0;0.0;0.0;0.0;0.0;0.0;0.0;0.0;0.0;0.0;1
Bug1568;0;Crash when using the checkboxes;1;Non-Synthetic Bug;App crashes;Hard;3;Crash when using the checkboxes;[3, 8, 13];{13=0.26099294, 3=0.26099294, 8=0.26099294};1.0;1.0;1.0;1.0;1.0;1.0;1.0;1.0;1.0;1.0;1.0;1.0;1.0;1
Bug1568;0;Crash when using the checkboxes;1;Non-Synthetic Bug;App crashes;Hard;3;Crash when using the checkboxes;[3, 8, 13, 18, 23, 28, 33, 38, 43, 48];{33=0.22392204, 23=0.22392204, 13=0.22392204, 3=0.22392204, 48=0.22392204, 38=0.22392204, 28=0.22392204, 18=0.22392204, 8=0.22392204, 43=0.22392204};1.0;1.0;1.0;1.0;1.0;1.0;1.0;1.0;1.0;1.0;1.0;1.0;1.0;1
Bug1568;1;The bug seems to appear when quickly changing multiple checkboxes.;0;Non-Synthetic Bug;App crashes;Hard;3;The bug seems to appear when quickly changing multiple checkboxes.;[3, 8, 13];{13=0.04453699, 3=0.04453699, 8=0.04453699};1.0;1.0;1.0;1.0;1.0;1.0;1.0;1.0;1.0;1.0;1.0;1.0;1.0;1
Bug1568;1;The bug seems to appear when quickly changing multiple checkboxes.;0;Non-Synthetic Bug;App crashes;Hard;3;The bug seems to appear when quickly changing multiple checkboxes.;[3, 8, 13, 18, 23, 28, 33, 38, 43, 48];{33=0.036638528, 23=0.036638528, 13=0.036638528, 3=0.036638528, 48=0.036638528, 38=0.036638528, 28=0.036638528, 18=0.036638528, 8=0.036638528, 43=0.036638528};1.0;1.0;1.0;1.0;1.0;1.0;1.0;1.0;1.0;1.0;1.0;1.0;1.0;1
Bug1568;2;4. Crash;0;Non-Synthetic Bug;App crashes;Hard;1;4. Crash;[3, 8, 13];{};0.0;0.0;0.0;0.0;0.0;0.0;0.0;0.0;0.0;0.0;0.0;0.0;0.0;0
Bug1568;2;4. Crash;0;Non-Synthetic Bug;App crashes;Hard;1;4. Crash;[3, 8, 13, 18, 23, 28, 33, 38, 43, 48];{};0.0;0.0;0.0;0.0;0.0;0.0;0.0;0.0;0.0;0.0;0.0;0.0;0.0;0
Bug158;0;Dark mode not correctly setting theme colors in card area of Reviewer;1;Synthetic Bug;Wrong theme in screen;Easy;3;Dark mode not correctly setting theme colors in card area of Reviewer;[10];{12=0.020346804, 4=0.020346804};0.0;0.0;0.0;0.0;0.0;0.0;0.0;0.0;0.0;0.0;0.0;0.0;0.0;1
Bug158;0;Dark mode not correctly setting theme colors in card area of Reviewer;1;Synthetic Bug;Wrong theme in screen;Easy;3;Dark mode not correctly setting theme colors in card area of Reviewer;[10];{4=0.031585567};0.0;0.0;0.0;0.0;0.0;0.0;0.0;0.0;0.0;0.0;0.0;0.0;0.0;1
Bug158;1;Card background is always 100% black.;0;Synthetic Bug;Wrong theme in screen;Easy;4;Card background is always 100% black.;[10];{12=0.11289497, 4=0.11289497};0.0;0.0;0.0;0.0;0.0;0.0;0.0;0.0;0.0;0.0;0.0;0.0;0.0;1
Bug158;1;Card background is always 100% black.;0;Synthetic Bug;Wrong theme in screen;Easy;4;Card background is always 100% black.;[10];{4=0.17054328};0.0;0.0;0.0;0.0;0.0;0.0;0.0;0.0;0.0;0.0;0.0;0.0;0.0;1
Bug159;0;Crash in Card Browser, the multi-select mode: Edit => change the card type;1;Non-Synthetic Bug;App crashes;Easy;5;Crash in Card Browser, the multi-select mode: Edit => change the card type;[4, 5];{4=0.1684712, 15=0.07889324, 14=0.055785943, 6=0.055785943, 1=0.027155587, 9=0.02036669, 12=0.016972242};1.0;1.0;0.5;1.0;1.0;1.0;1.0;1.0;1.0;1.0;1.0;1.0;1.0;1
Bug159;1;It crashes, only the first card is affected by the change.;0;Non-Synthetic Bug;App crashes;Hard;3;It crashes, only the first card is affected by the change.;[4, 5];{15=0.0751099, 14=0.05311072, 4=0.05311072, 6=0.05311072};2.0;0.5;0.25;0.0;1.0;1.0;1.0;1.0;1.0;1.0;1.0;1.0;1.0;1
Bug160;0;On redrawing, the eraser tab still remains grayed out.;0;Synthetic Bug;Component is not displayed (correctly);Easy;4;On redrawing, the eraser tab still remains grayed out.;[4];{};0.0;0.0;0.0;0.0;0.0;0.0;0.0;0.0;0.0;0.0;0.0;0.0;0.0;0
Bug160;0;On redrawing, the eraser tab still remains grayed out.;0;Synthetic Bug;Component is not displayed (correctly);Easy;4;On redrawing, the eraser tab still remains grayed out.;[3];{};0.0;0.0;0.0;0.0;0.0;0.0;0.0;0.0;0.0;0.0;0.0;0.0;0.0;0
Bug160;0;On redrawing, the eraser tab still remains grayed out.;0;Synthetic Bug;Component is not displayed (correctly);Easy;4;On redrawing, the eraser tab still remains grayed out.;[4];{};0.0;0.0;0.0;0.0;0.0;0.0;0.0;0.0;0.0;0.0;0.0;0.0;0.0;0
Bug162;1;"If I try to add a new email account to K9-Mail (Enter email and password) and tap on one of the two buttons (""""Manually"""" or """"Continue"""") the app will crash with only the message """"K-9 Mail has stopped""""";0;Non-Synthetic Bug;App crashes;Easy;4;"If I try to add a new email account to K9-Mail (Enter email and password) and tap on one of the two buttons (""""Manually"""" or """"Continue"""") the app will crash with only the message """"K-9 Mail has stopped""""";[2, 9];{2=0.10246114, 3=0.029642588, 1=0.02601793, 4=0.010231392, 9=0.00964625, 8=0.007234687};1.0;1.0;0.7;1.0;1.0;1.0;1.0;1.0;1.0;1.0;1.0;1.0;1.0;1
Bug162;1;"If I try to add a new email account to K9-Mail (Enter email and password) and tap on one of the two buttons (""""Manually"""" or """"Continue"""") the app will crash with only the message """"K-9 Mail has stopped""""";0;Non-Synthetic Bug;App crashes;Easy;4;"If I try to add a new email account to K9-Mail (Enter email and password) and tap on one of the two buttons (""""Manually"""" or """"Continue"""") the app will crash with only the message """"K-9 Mail has stopped""""";[2, 10];{2=0.064539954, 3=0.028667033, 1=0.02537268, 4=0.010825289, 10=0.010206181, 9=0.0076546357, 7=0.0038593628};1.0;1.0;0.7;1.0;1.0;1.0;1.0;1.0;1.0;1.0;1.0;1.0;1.0;1
Bug162;1;"If I try to add a new email account to K9-Mail (Enter email and password) and tap on one of the two buttons (""""Manually"""" or """"Continue"""") the app will crash with only the message """"K-9 Mail has stopped""""";0;Non-Synthetic Bug;App crashes;Easy;4;"If I try to add a new email account to K9-Mail (Enter email and password) and tap on one of the two buttons (""""Manually"""" or """"Continue"""") the app will crash with only the message """"K-9 Mail has stopped""""";[2, 10];{2=0.06671439, 1=0.027055997, 10=0.00609324, 3=0.005385714, 7=0.0048178667, 9=0.0045699296, 4=0.00304662};1.0;1.0;0.8333333333333333;1.0;1.0;1.0;1.0;1.0;1.0;1.0;1.0;1.0;1.0;1
Bug162;2;4. Crash;0;Non-Synthetic Bug;App crashes;Hard;1;4. Crash;[2, 9];{};0.0;0.0;0.0;0.0;0.0;0.0;0.0;0.0;0.0;0.0;0.0;0.0;0.0;0
Bug162;2;4. Crash;0;Non-Synthetic Bug;App crashes;Hard;1;4. Crash;[2, 10];{};0.0;0.0;0.0;0.0;0.0;0.0;0.0;0.0;0.0;0.0;0.0;0.0;0.0;0
Bug162;2;4. Crash;0;Non-Synthetic Bug;App crashes;Hard;1;4. Crash;[2, 10];{};0.0;0.0;0.0;0.0;0.0;0.0;0.0;0.0;0.0;0.0;0.0;0.0;0.0;0
Bug1641;0;No Compliance of the Trainings Type Slider;1;Synthetic Bug;Component is not displayed (correctly);Hard;1;No Compliance of the Trainings Type Slider;[4];{3=0.6553338};0.0;0.0;0.0;0.0;0.0;0.0;0.0;0.0;0.0;0.0;0.0;0.0;0.0;1
Bug1641;1;If you choose Something at the TrainingsTypeSlider, there is no compliance of the value.;0;Synthetic Bug;Component is not displayed (correctly);Hard;1;If you choose Something at the TrainingsTypeSlider, there is no compliance of the value.;[4];{3=0.11052864};0.0;0.0;0.0;0.0;0.0;0.0;0.0;0.0;0.0;0.0;0.0;0.0;0.0;1
Bug1641;2;3. See error;0;Synthetic Bug;Component is not displayed (correctly);Hard;1;3. See error;[4];{};0.0;0.0;0.0;0.0;0.0;0.0;0.0;0.0;0.0;0.0;0.0;0.0;0.0;0
Bug1645;0;Crash in Add Exercise Dialog;1;Non-Synthetic Bug;App crashes;Hard;3;Crash in Add Exercise Dialog;[7, 8];{0=0.14154723};0.0;0.0;0.0;0.0;0.0;0.0;0.0;0.0;0.0;0.0;0.0;0.0;0.0;1
Bug1645;0;Crash in Add Exercise Dialog;1;Non-Synthetic Bug;App crashes;Hard;3;Crash in Add Exercise Dialog;[7, 8];{0=0.100089006};0.0;0.0;0.0;0.0;0.0;0.0;0.0;0.0;0.0;0.0;0.0;0.0;0.0;1
Bug1645;1;App crashes if the user checks the Angle Box in the Add Exercise Dialog.;0;Non-Synthetic Bug;App crashes;Easy;5;App crashes if the user checks the Angle Box in the Add Exercise Dialog.;[7, 8];{7=0.17310163, 0=0.046826255, 11=0.045244787, 1=0.045244787, 3=0.045244787, 5=0.045244787, 9=0.045244787, 8=0.024803996};1.0;1.0;0.625;1.0;1.0;1.0;1.0;1.0;1.0;1.0;1.0;1.0;1.0;1
Bug1645;1;App crashes if the user checks the Angle Box in the Add Exercise Dialog.;0;Non-Synthetic Bug;App crashes;Easy;5;App crashes if the user checks the Angle Box in the Add Exercise Dialog.;[7, 8];{7=0.17310163, 11=0.045244787, 1=0.045244787, 3=0.045244787, 5=0.045244787, 9=0.045244787, 0=0.033111162, 8=0.024803996};1.0;1.0;0.625;1.0;1.0;1.0;1.0;1.0;1.0;1.0;1.0;1.0;1.0;1
Bug1645;2;6. See the Error;0;Non-Synthetic Bug;App crashes;Hard;1;6. See the Error;[7, 8];{};0.0;0.0;0.0;0.0;0.0;0.0;0.0;0.0;0.0;0.0;0.0;0.0;0.0;0
Bug1645;2;6. See the Error;0;Non-Synthetic Bug;App crashes;Hard;1;6. See the Error;[7, 8];{};0.0;0.0;0.0;0.0;0.0;0.0;0.0;0.0;0.0;0.0;0.0;0.0;0.0;0
Bug168;0;Google maps crashes on Android 10;1;Non-Synthetic Bug;App crashes;Easy;4;Google maps crashes on Android 10;[2, 3];{2=0.15072294, 3=0.15072294};1.0;1.0;1.0;1.0;1.0;1.0;1.0;1.0;1.0;1.0;1.0;1.0;1.0;1
Bug168;1;The app immediately crashes;0;Non-Synthetic Bug;App crashes;Easy;3;The app immediately crashes;[2, 3];{};0.0;0.0;0.0;0.0;0.0;0.0;0.0;0.0;0.0;0.0;0.0;0.0;0.0;0
Bug19;0;cursor jumps before housenumber when adding letter;1;Synthetic Bug;Uneditable component;Easy;4;cursor jumps before housenumber when adding letter;[1];{};0.0;0.0;0.0;0.0;0.0;0.0;0.0;0.0;0.0;0.0;0.0;0.0;0.0;0
Bug19;1;"3. the cursor jumps before the number, so when you insert """"a"""" you have """"a10"""" instead of """"10a""""";0;Synthetic Bug;Undesirable component;Easy;5;"3. the cursor jumps before the number, so when you insert """"a"""" you have """"a10"""" instead of """"10a""""";[1];{0=0.10017883, 1=0.10017883};2.0;0.5;0.5;0.0;1.0;1.0;1.0;1.0;1.0;1.0;1.0;1.0;1.0;1
Bug191;0;Negative Credits;1;Synthetic Bug;Wrong information is displayed;Hard;2;Negative Credits;[0];{0=0.44666657};1.0;1.0;1.0;1.0;1.0;1.0;1.0;1.0;1.0;1.0;1.0;1.0;1.0;1
Bug191;1;2. drag+drop any defence towers you like, credits < 0 are possible;0;Synthetic Bug;Wrong information is displayed;Easy;3;2. drag+drop any defence towers you like, credits < 0 are possible;[0];{0=0.08634795, 4=0.025118558, 5=0.025118558, 6=0.025118558, 7=0.025118558, 10=0.021530192};1.0;1.0;1.0;1.0;1.0;1.0;1.0;1.0;1.0;1.0;1.0;1.0;1.0;1
Bug192;0;Cursor position reset when switching away from app;1;Non-Synthetic Bug;Undesirable  behavior ;Easy;4;Cursor position reset when switching away from app;[5];{};0.0;0.0;0.0;0.0;0.0;0.0;0.0;0.0;0.0;0.0;0.0;0.0;0.0;0
Bug192;1;Cursor goes back to the initial position.;0;Non-Synthetic Bug;Undesirable  behavior ;Easy;4;Cursor goes back to the initial position.;[5];{};0.0;0.0;0.0;0.0;0.0;0.0;0.0;0.0;0.0;0.0;0.0;0.0;0.0;0
Bug192;2;If you insert the image after switching back, it'll be inserted at the beginning of the file.;0;Non-Synthetic Bug;Undesirable  behavior ;Easy;4;If you insert the image after switching back, it'll be inserted at the beginning of the file.;[5];{};0.0;0.0;0.0;0.0;0.0;0.0;0.0;0.0;0.0;0.0;0.0;0.0;0.0;0
Bug193;0;6. I see Birthday Year List but Checkbox is unchecked;0;Synthetic Bug;Component is not displayed (correctly);Easy;5;6. I see Birthday Year List but Checkbox is unchecked;[2];{2=0.075775094, 0=0.05412507};1.0;1.0;1.0;1.0;1.0;1.0;1.0;1.0;1.0;1.0;1.0;1.0;1.0;1
Bug199;0;Autosync Does Not Activate After Regaining Connectivity;1;Synthetic Bug;Component is not displayed (correctly);Easy;4;Autosync Does Not Activate After Regaining Connectivity;[4];{};0.0;0.0;0.0;0.0;0.0;0.0;0.0;0.0;0.0;0.0;0.0;0.0;0.0;0
Bug199;1;4. Obs remain in Waiting for Upload... state and pull to refresh does not activate a sync.;0;Synthetic Bug;Component is not displayed (correctly);Easy;5;4. Obs remain in Waiting for Upload... state and pull to refresh does not activate a sync.;[4];{4=0.11078856, 6=0.033236567};1.0;1.0;1.0;1.0;1.0;1.0;1.0;1.0;1.0;1.0;1.0;1.0;1.0;1
Bug2;0;app crash when change view by in report section;1;Non-Synthetic Bug;App crashes;Easy;3;app crash when change view by in report section;[5, 6, 8];{4=0.061572455, 5=0.043538302};2.0;0.5;0.1666666666666666;0.0;1.0;1.0;1.0;1.0;1.0;1.0;1.0;1.0;1.0;1
Bug2;0;app crash when change view by in report section;1;Non-Synthetic Bug;App crashes;Easy;3;app crash when change view by in report section;[5, 6, 8];{4=0.061572455, 5=0.043538302};2.0;0.5;0.1666666666666666;0.0;1.0;1.0;1.0;1.0;1.0;1.0;1.0;1.0;1.0;1
Bug2;1;"when the user changes the appearance of the report from """"view value"""" to """"use percent value"""" this application will crash and stop working";0;Non-Synthetic Bug;App crashes;Easy;5;"when the user changes the appearance of the report from """"view value"""" to """"use percent value"""" this application will crash and stop working";[5, 6, 8];{6=0.16555776, 5=0.14506741, 4=0.022795146};1.0;1.0;0.6666666666666666;1.0;1.0;1.0;1.0;1.0;1.0;1.0;1.0;1.0;1.0;1
Bug2;1;"when the user changes the appearance of the report from """"view value"""" to """"use percent value"""" this application will crash and stop working";0;Non-Synthetic Bug;App crashes;Easy;5;"when the user changes the appearance of the report from """"view value"""" to """"use percent value"""" this application will crash and stop working";[5, 6, 8];{6=0.16555776, 5=0.14506741, 4=0.022795146};1.0;1.0;0.6666666666666666;1.0;1.0;1.0;1.0;1.0;1.0;1.0;1.0;1.0;1.0;1
Bug2;2;6. see errors;0;Non-Synthetic Bug;App crashes;Hard;1;6. see errors;[5, 6, 8];{};0.0;0.0;0.0;0.0;0.0;0.0;0.0;0.0;0.0;0.0;0.0;0.0;0.0;0
Bug2;2;6. see errors;0;Non-Synthetic Bug;App crashes;Hard;1;6. see errors;[5, 6, 8];{};0.0;0.0;0.0;0.0;0.0;0.0;0.0;0.0;0.0;0.0;0.0;0.0;0.0;0
Bug200;0;Ghost thumbnail image in observation list view;1;Synthetic Bug;Undesirable component;Hard;2;Ghost thumbnail image in observation list view;[2];{2=0.06021434, 1=0.059271775, 7=0.035563063};1.0;1.0;1.0;1.0;1.0;1.0;1.0;1.0;1.0;1.0;1.0;1.0;1.0;1
Bug200;0;Ghost thumbnail image in observation list view;1;Synthetic Bug;Undesirable component;Hard;2;Ghost thumbnail image in observation list view;[2, 7];{1=0.0798288, 2=0.055880155, 7=0.055880155, 12=0.047897276};2.0;0.5;0.5833333333333333;0.0;1.0;1.0;1.0;1.0;1.0;1.0;1.0;1.0;1.0;1
Bug200;1;When I create an observation without an image and go back to the My Observations list, there is an image there from another one of my obs.;0;Synthetic Bug;Undesirable component;Easy;5;When I create an observation without an image and go back to the My Observations list, there is an image there from another one of my obs.;[2];{2=0.20615646, 1=0.2029294, 7=0.12175765};1.0;1.0;1.0;1.0;1.0;1.0;1.0;1.0;1.0;1.0;1.0;1.0;1.0;1
Bug200;1;When I create an observation without an image and go back to the My Observations list, there is an image there from another one of my obs.;0;Synthetic Bug;Undesirable component;Easy;5;When I create an observation without an image and go back to the My Observations list, there is an image there from another one of my obs.;[2, 7];{1=0.27488643, 2=0.1924205, 7=0.1924205, 12=0.16493185};2.0;0.5;0.5833333333333333;0.0;1.0;1.0;1.0;1.0;1.0;1.0;1.0;1.0;1.0;1
Bug206;0;Timestamp 0 when never exported.;1;Synthetic Bug;Wrong information is displayed;Hard;3;Timestamp 0 when never exported.;[13];{7=0.3181061, 12=0.2726624};0.0;0.0;0.0;0.0;0.0;0.0;0.0;0.0;0.0;0.0;0.0;0.0;0.0;1
Bug206;1;Last exported: 1970-01-1 01-00-00.0;0;Synthetic Bug;Wrong information is displayed;Hard;3;Last exported: 1970-01-1 01-00-00.0;[13];{7=1.1114447, 12=0.9526669};0.0;0.0;0.0;0.0;0.0;0.0;0.0;0.0;0.0;0.0;0.0;0.0;0.0;1
Bug256;0;App crashes when trying modify account if default transaction account no longer exist.;1;Non-Synthetic Bug;App crashes;Easy;4;App crashes when trying modify account if default transaction account no longer exist.;[0];{0=0.047334384};1.0;1.0;1.0;1.0;1.0;1.0;1.0;1.0;1.0;1.0;1.0;1.0;1.0;1
Bug256;0;App crashes when trying modify account if default transaction account no longer exist.;1;Non-Synthetic Bug;App crashes;Easy;4;App crashes when trying modify account if default transaction account no longer exist.;[0];{0=0.030039692};1.0;1.0;1.0;1.0;1.0;1.0;1.0;1.0;1.0;1.0;1.0;1.0;1.0;1
Bug256;1;5. Modify account B, crash occurred.;0;Non-Synthetic Bug;App crashes;Hard;4;5. Modify account B, crash occurred.;[0];{0=0.04751856};1.0;1.0;1.0;1.0;1.0;1.0;1.0;1.0;1.0;1.0;1.0;1.0;1.0;1
Bug256;1;5. Modify account B, crash occurred.;0;Non-Synthetic Bug;App crashes;Hard;4;5. Modify account B, crash occurred.;[0];{0=0.030257301};1.0;1.0;1.0;1.0;1.0;1.0;1.0;1.0;1.0;1.0;1.0;1.0;1.0;1
Bug256;2;App crashed.;0;Non-Synthetic Bug;App crashes;Hard;2;App crashed.;[0];{};0.0;0.0;0.0;0.0;0.0;0.0;0.0;0.0;0.0;0.0;0.0;0.0;0.0;0
Bug256;2;App crashed.;0;Non-Synthetic Bug;App crashes;Hard;2;App crashed.;[0];{};0.0;0.0;0.0;0.0;0.0;0.0;0.0;0.0;0.0;0.0;0.0;0.0;0.0;0
Bug271;0;"If code refresh time is set to """"9999"""" - Aegis crashes";1;Non-Synthetic Bug;App crashes;Easy;4;"If code refresh time is set to """"9999"""" - Aegis crashes";[15];{2=0.02587885, 13=0.022181872, 15=0.022181872, 16=0.022181872, 7=0.022181872, 18=0.022181872, 8=0.022181872, 19=0.018484892};5.0;0.2;0.2;0.0;0.0;0.0;0.0;1.0;1.0;1.0;1.0;1.0;1.0;1
Bug271;1;Aegis instantly crashes.;0;Non-Synthetic Bug;App crashes;Easy;2;Aegis instantly crashes.;[15];{2=0.079545856, 13=0.06818216, 15=0.06818216, 16=0.06818216, 7=0.06818216, 18=0.06818216, 8=0.06818216, 19=0.05681847};5.0;0.2;0.2;0.0;0.0;0.0;0.0;1.0;1.0;1.0;1.0;1.0;1.0;1
Bug44;0;Tag text removal bug by using checkbox;1;Synthetic Bug;Undesirable component;Hard;2;Tag text removal bug by using checkbox;[9];{4=0.0789495, 7=0.066990875};0.0;0.0;0.0;0.0;0.0;0.0;0.0;0.0;0.0;0.0;0.0;0.0;0.0;1
Bug44;0;Tag text removal bug by using checkbox;1;Synthetic Bug;Undesirable component;Hard;2;Tag text removal bug by using checkbox;[9];{4=0.07655395, 7=0.06495818};0.0;0.0;0.0;0.0;0.0;0.0;0.0;0.0;0.0;0.0;0.0;0.0;0.0;1
Bug44;1;Tag text removal bug;0;Synthetic Bug;Undesirable component;Hard;2;Tag text removal bug;[9];{4=0.11189193, 7=0.094943464};0.0;0.0;0.0;0.0;0.0;0.0;0.0;0.0;0.0;0.0;0.0;0.0;0.0;1
Bug44;1;Tag text removal bug;0;Synthetic Bug;Undesirable component;Hard;2;Tag text removal bug;[9];{4=0.10852149, 7=0.092083536};0.0;0.0;0.0;0.0;0.0;0.0;0.0;0.0;0.0;0.0;0.0;0.0;0.0;1
Bug44;2;It seems like it will remove all tags with the same header as the deleted tag.;0;Synthetic Bug;Undesirable component;Hard;3;It seems like it will remove all tags with the same header as the deleted tag.;[9];{4=0.33484355, 7=0.2841242};0.0;0.0;0.0;0.0;0.0;0.0;0.0;0.0;0.0;0.0;0.0;0.0;0.0;1
Bug44;2;It seems like it will remove all tags with the same header as the deleted tag.;0;Synthetic Bug;Undesirable component;Hard;3;It seems like it will remove all tags with the same header as the deleted tag.;[9];{4=0.32500672, 7=0.27577737};0.0;0.0;0.0;0.0;0.0;0.0;0.0;0.0;0.0;0.0;0.0;0.0;0.0;1
Bug45;0;Cannot add location when device's location mode is device only;1;Non-Synthetic Bug;Undesirable  behavior ;Easy;5;Cannot add location when device's location mode is device only;[0];{11=0.048959345, 4=0.040799454};0.0;0.0;0.0;0.0;0.0;0.0;0.0;0.0;0.0;0.0;0.0;0.0;0.0;1
Bug45;1;The location cannot be added, and there are no explanations and reminders for the user.;0;Non-Synthetic Bug;Undesirable  behavior ;Easy;5;The location cannot be added, and there are no explanations and reminders for the user.;[0];{11=0.27577737, 10=0.097502016, 4=0.05745362};0.0;0.0;0.0;0.0;0.0;0.0;0.0;0.0;0.0;0.0;0.0;0.0;0.0;1
Bug45;2;"7. See """"LOCATION NOT FOUND""""";0;Non-Synthetic Bug;Undesirable  behavior ;Easy;3;"7. See """"LOCATION NOT FOUND""""";[0];{};0.0;0.0;0.0;0.0;0.0;0.0;0.0;0.0;0.0;0.0;0.0;0.0;0.0;0
Bug53;0;New file dialogue always says Type: Markdown rather than previous type used;1;Synthetic Bug;Wrong information is displayed;Easy;4;New file dialogue always says Type: Markdown rather than previous type used;[4];{3=0.29454535, 1=0.08088504, 2=0.08088504, 4=0.058909073, 8=0.021667838, 6=0.018959358, 7=0.018959358};4.0;0.25;0.25;0.0;0.0;0.0;1.0;1.0;1.0;1.0;1.0;1.0;1.0;1
Bug53;1;This appears to be a cosmetic issue only - the second new file is named something.todo.txt, so the app is correctly remembering the user's last settings, but nonetheless it looks odd and confusing to the user.;0;Synthetic Bug;Wrong information is displayed;Hard;5;This appears to be a cosmetic issue only - the second new file is named something.todo.txt, so the app is correctly remembering the user's last settings, but nonetheless it looks odd and confusing to the user.;[4];{1=0.052976742, 2=0.021210069, 0=0.014107761, 8=0.0056818454, 6=0.0049716146, 7=0.0049716146};0.0;0.0;0.0;0.0;0.0;0.0;0.0;0.0;0.0;0.0;0.0;0.0;0.0;1
Bug56;0;[BUG] Unable to change label size when printing to Zebra printer;1;Synthetic Bug;Unclickable component;Easy;3;[BUG] Unable to change label size when printing to Zebra printer;[18, 19, 20, 21, 22, 23, 24, 25];{18=0.068423346, 26=0.057019457, 16=0.054277662, 17=0.054277662};1.0;1.0;0.125;1.0;1.0;1.0;1.0;1.0;1.0;1.0;1.0;1.0;1.0;1
Bug56;1;"After adding a trait in the """"Zebra Label Print"""" format we are unable to change the label size.";0;Synthetic Bug;Unclickable component;Easy;3;"After adding a trait in the """"Zebra Label Print"""" format we are unable to change the label size.";[18, 19, 20, 21, 22, 23, 24, 25];{17=0.33721972, 16=0.1586895, 18=0.05001167, 6=0.03306183, 8=0.03306183, 9=0.03306183, 26=0.027551526, 27=0.027551526};3.0;0.3333333333333333;0.0416666666666666;0.0;0.0;1.0;1.0;1.0;1.0;1.0;1.0;1.0;1.0;1
Bug56;2;When collecting data, the drop-down menus for Text, Barcode and Copies are also not available.;0;Synthetic Bug;Unclickable component;Easy;3;When collecting data, the drop-down menus for Text, Barcode and Copies are also not available.;[18, 19, 20, 21, 22, 23, 24, 25];{22=0.05579392, 24=0.05579392, 3=0.036884367, 5=0.036884367, 20=0.036884367};1.0;1.0;0.325;1.0;1.0;1.0;1.0;1.0;1.0;1.0;1.0;1.0;1.0;1
Bug8;0;NPE on create payment;1;Non-Synthetic Bug;App crashes;Easy;2;NPE on create payment;[0];{0=0.5404441};1.0;1.0;1.0;1.0;1.0;1.0;1.0;1.0;1.0;1.0;1.0;1.0;1.0;1
Bug84;0;I am unable to set up a server.;0;Non-Synthetic Bug;Undesirable  behavior ;Hard;2;I am unable to set up a server.;[0, 1, 3, 4];{3=0.14178312};1.0;1.0;0.25;1.0;1.0;1.0;1.0;1.0;1.0;1.0;1.0;1.0;1.0;1
Bug84;1;It tries to connect to localhost despite the fact that I entered a valid Airsonic server URL.;0;Non-Synthetic Bug;Undesirable  behavior ;Hard;2;It tries to connect to localhost despite the fact that I entered a valid Airsonic server URL.;[0, 1, 3, 4];{3=0.046705335};1.0;1.0;0.25;1.0;1.0;1.0;1.0;1.0;1.0;1.0;1.0;1.0;1.0;1
Bug87;0;"2.4.0 won't open to GUI with wifi enabled: """"A network error occurred""""";1;Non-Synthetic Bug;Undesirable  behavior ;Easy;4;"2.4.0 won't open to GUI with wifi enabled: """"A network error occurred""""";[0, 1, 2, 4];{3=0.16988397, 1=0.02349686};2.0;0.5;0.125;0.0;1.0;1.0;1.0;1.0;1.0;1.0;1.0;1.0;1.0;1
Bug87;1;Since the upgrade to 2.4.0 the app opens to an error message whenever wifi is enabled on my phone.;0;Non-Synthetic Bug;Undesirable  behavior ;Easy;4;Since the upgrade to 2.4.0 the app opens to an error message whenever wifi is enabled on my phone.;[0, 1, 2, 4];{3=0.054397177, 1=0.018245196};2.0;0.5;0.125;0.0;1.0;1.0;1.0;1.0;1.0;1.0;1.0;1.0;1.0;1
Bug87;2;"The error is: """"Error. A network error occurred. Please check the server address or try again later.""""";0;Non-Synthetic Bug;Undesirable  behavior ;Hard;2;"The error is: """"Error. A network error occurred. Please check the server address or try again later.""""";[0, 1, 2, 4];{3=1.5046833, 1=0.13575365};2.0;0.5;0.125;0.0;1.0;1.0;1.0;1.0;1.0;1.0;1.0;1.0;1.0;1
Bug87;3;It is not possible to access the GUI and use the application.;0;Non-Synthetic Bug;Undesirable  behavior ;Hard;1;It is not possible to access the GUI and use the application.;[0, 1, 2, 4];{};0.0;0.0;0.0;0.0;0.0;0.0;0.0;0.0;0.0;0.0;0.0;0.0;0.0;0
Bug87;4;"I say that because, historically, connecting to my home wifi and specifying my home server's public IPv4 address eventually resulted in the same(?) """"network error"""" message as above.";0;Non-Synthetic Bug;Undesirable  behavior ;Hard;3;"I say that because, historically, connecting to my home wifi and specifying my home server's public IPv4 address eventually resulted in the same(?) """"network error"""" message as above.";[0, 1, 2, 4];{3=0.15334266, 1=0.0072184727};2.0;0.5;0.125;0.0;1.0;1.0;1.0;1.0;1.0;1.0;1.0;1.0;1.0;1
Bug87;5;But now, I have the same issue when I change the server address to a LAN IP address, which I created long ago so that I could use Ultrasonic while at home on wifi.;0;Non-Synthetic Bug;Undesirable  behavior ;Hard;2;But now, I have the same issue when I change the server address to a LAN IP address, which I created long ago so that I could use Ultrasonic while at home on wifi.;[0, 1, 2, 4];{3=0.08097629};0.0;0.0;0.0;0.0;0.0;0.0;0.0;0.0;0.0;0.0;0.0;0.0;0.0;1
Bug87;6;Also, the message comes up immediately instead of after the app starts trying to access the server for content.;0;Non-Synthetic Bug;Undesirable  behavior ;Hard;1;Also, the message comes up immediately instead of after the app starts trying to access the server for content.;[0, 1, 2, 4];{3=0.12746719};0.0;0.0;0.0;0.0;0.0;0.0;0.0;0.0;0.0;0.0;0.0;0.0;0.0;1
Bug87;7;This makes the app unusable -- there's no way to change settings or select a different server because the app is inaccessible.;0;Non-Synthetic Bug;Undesirable  behavior ;Hard;2;This makes the app unusable -- there's no way to change settings or select a different server because the app is inaccessible.;[0, 1, 2, 4];{3=0.009851839};0.0;0.0;0.0;0.0;0.0;0.0;0.0;0.0;0.0;0.0;0.0;0.0;0.0;1
Bug91;0;Can no longer enter text in SSID Filter TextView;1;Synthetic Bug;Uneditable component;Easy;5;Can no longer enter text in SSID Filter TextView;[3, 4];{4=0.14530478, 3=0.087802604, 1=0.014793212, 11=0.012679895, 12=0.012679895, 13=0.012679895, 14=0.012679895, 17=0.012679895, 10=0.012679895, 18=0.01056658, 19=0.01056658, 6=0.01056658, 7=0.01056658, 20=0.01056658, 21=0.01056658};1.0;1.0;1.0;1.0;1.0;1.0;1.0;1.0;1.0;1.0;1.0;1.0;1.0;1
Bug91;1;Cannot enter any text in the SSID Filter field.;0;Synthetic Bug;Uneditable component;Easy;5;Cannot enter any text in the SSID Filter field.;[3, 4];{4=0.2526937, 3=0.15269397, 1=0.025726277, 11=0.022051096, 12=0.022051096, 13=0.022051096, 14=0.022051096, 17=0.022051096, 10=0.022051096, 18=0.018375913, 19=0.018375913, 6=0.018375913, 7=0.018375913, 20=0.018375913, 21=0.018375913};1.0;1.0;1.0;1.0;1.0;1.0;1.0;1.0;1.0;1.0;1.0;1.0;1.0;1
Bug91;2;Keyboard does not pop up.;0;Non-Synthetic Bug;Component disappear;Easy;4;Keyboard does not pop up.;[3, 4];{};0.0;0.0;0.0;0.0;0.0;0.0;0.0;0.0;0.0;0.0;0.0;0.0;0.0;0
Bug92;0;MAC vendor search is case sensitive;1;Synthetic Bug;Textual error in screen;Easy;4;MAC vendor search is case sensitive;[5];{1=0.10091337, 2=0.031682726, 3=0.031682726, 4=0.027156621};0.0;0.0;0.0;0.0;0.0;0.0;0.0;0.0;0.0;0.0;0.0;0.0;0.0;1
Bug92;1;However, as already stated in one of the comments, the search is case sensitive, it only works if you type upper case letters.;0;Synthetic Bug;Textual error in screen;Easy;4;However, as already stated in one of the comments, the search is case sensitive, it only works if you type upper case letters.;[5];{2=0.010176267, 3=0.010176267, 4=0.008722514};0.0;0.0;0.0;0.0;0.0;0.0;0.0;0.0;0.0;0.0;0.0;0.0;0.0;1
Bug92;2;4. See no results;0;Non-Synthetic Bug;Undesirable  behavior ;Hard;3;4. See no results;[5];{};0.0;0.0;0.0;0.0;0.0;0.0;0.0;0.0;0.0;0.0;0.0;0.0;0.0;0
