Bug-ID;OB-ID;OB-Text;OB-in-Title?;Bug-Category;Bug-Type;OB-Category;OB-Rating;Ground-Truth;First-Rank;Reciprocal-Rank;Average-Precision;h@1;h@2;h@3;h@4;h@5;h@6;h@7;h@8;h@9;h@10
Bug2;0;app crash when change view by in report section;1;Non-Synthetic Bug;App crashes;Easy;3;['d39c2c754950166798705365a33ee5104463a282c70fbcd711ff3d9f25a7e75b', '2957d1cfee327d06abd84e6b91e1153eb930ce1886a45ed33c8ff4c6536fbcb0', '4bfa8dc7a47495036edd455e67d3d7f39276498a2ed0a8d362a59d5c7b005b38', 'f189f23124c6c372973bbff27e30b7107f27022f74836d7085daf2817f565790'];1;1.0;0.5527777777777778;1;1;1;1;1;1;1;1;1;1
Bug2;1;"when the user changes the appearance of the report from ""view value"" to ""use percent value"" this application will crash and stop working";0;Non-Synthetic Bug;App crashes;Easy;5;['d39c2c754950166798705365a33ee5104463a282c70fbcd711ff3d9f25a7e75b', '2957d1cfee327d06abd84e6b91e1153eb930ce1886a45ed33c8ff4c6536fbcb0', '4bfa8dc7a47495036edd455e67d3d7f39276498a2ed0a8d362a59d5c7b005b38', 'f189f23124c6c372973bbff27e30b7107f27022f74836d7085daf2817f565790'];1;1.0;0.5600961538461539;1;1;1;1;1;1;1;1;1;1
Bug2;2;6. see errors;0;Non-Synthetic Bug;App crashes;Hard;1;['d39c2c754950166798705365a33ee5104463a282c70fbcd711ff3d9f25a7e75b', '2957d1cfee327d06abd84e6b91e1153eb930ce1886a45ed33c8ff4c6536fbcb0', '4bfa8dc7a47495036edd455e67d3d7f39276498a2ed0a8d362a59d5c7b005b38', 'f189f23124c6c372973bbff27e30b7107f27022f74836d7085daf2817f565790'];2;0.5;0.416025641025641;0;1;1;1;1;1;1;1;1;1
Bug8;0;NPE on create payment;1;Non-Synthetic Bug;App crashes;Easy;2;['2957d1cfee327d06abd84e6b91e1153eb930ce1886a45ed33c8ff4c6536fbcb0', 'a77eeb613bdff27be2615cea0223f0b093401c8f89baa1926d68c72f9408aa83'];6;0.1666666666666666;0.1233333333333333;0;0;0;0;0;1;1;1;1;1
Bug10;0;FTP server restarted if app is killed after stopping it;1;Non-Synthetic Bug;Undesirable  behavior ;Hard;4;['a0ae2c21a12bc864024f18b7af900668f54e251f7fd5fc6e49da5bf1f8c6a013'];1;1.0;1.0;1;1;1;1;1;1;1;1;1;1
Bug10;1;Server restarts by its own.;0;Non-Synthetic Bug;Undesirable  behavior ;Hard;2;['a0ae2c21a12bc864024f18b7af900668f54e251f7fd5fc6e49da5bf1f8c6a013'];1;1.0;1.0;1;1;1;1;1;1;1;1;1;1
Bug18;0;Can't open the add/remove medicine stock dialog;1;Synthetic Bug;Component is not displayed (correctly);Easy;3;['0be480566fd9244e83c1f87ccd788bb5bf716d340f7b52395ed850eed3b91f16'];36;0.0277777777777777;0.0277777777777777;0;0;0;0;0;0;0;0;0;0
Bug18;1;I get kicked back to the medicine screen.;0;Synthetic Bug;Component is not displayed (correctly);Hard;2;['0be480566fd9244e83c1f87ccd788bb5bf716d340f7b52395ed850eed3b91f16'];35;0.0285714285714285;0.0285714285714285;0;0;0;0;0;0;0;0;0;0
Bug19;0;cursor jumps before housenumber when adding letter;1;Synthetic Bug;Uneditable component;Easy;4;['9253f6a470c03c51c0336600f51a86c0b1bbf467076b4fc430d25a83e2ec7926'];2;0.5;0.5;0;1;1;1;1;1;1;1;1;1
Bug19;1;"3. the cursor jumps before the number, so when you insert ""a"" you have ""a10"" instead of ""10a""";0;Synthetic Bug;Undesirable component;Easy;5;['9253f6a470c03c51c0336600f51a86c0b1bbf467076b4fc430d25a83e2ec7926'];2;0.5;0.5;0;1;1;1;1;1;1;1;1;1
Bug21;0;Long press on a task does not show the task menu.;1;Non-Synthetic Bug;Data is not displayed;Hard;5;['19cb4db7aa36b45e8621d64b696ed9a5a92a3ebb486e89bb1d06a9b8c5aa45a8'];1;1.0;1.0;1;1;1;1;1;1;1;1;1;1
Bug21;1;"However, long-press now results in a pop-up called ""activities menu"" that is empty,";0;Non-Synthetic Bug;Data is not displayed;Hard;5;['19cb4db7aa36b45e8621d64b696ed9a5a92a3ebb486e89bb1d06a9b8c5aa45a8'];1;1.0;1.0;1;1;1;1;1;1;1;1;1;1
Bug21;2;"Empty meny shown called ""activities menu"".";0;Synthetic Bug;Component is not displayed (correctly);Hard;3;['19cb4db7aa36b45e8621d64b696ed9a5a92a3ebb486e89bb1d06a9b8c5aa45a8'];1;1.0;1.0;1;1;1;1;1;1;1;1;1;1
Bug44;0;Tag text removal bug by using checkbox;1;Synthetic Bug;Undesirable component;Hard;2;['954f0c046aa33d91745fc4a7ab5612edcb1d8636b1879359ace038de70d285be', 'a0ee1430817381ead0b5a3e521583bf6a5128b49be69aa023372d4c114493525'];5;0.2;0.225;0;0;0;0;1;1;1;1;1;1
Bug44;1;Tag text removal bug;0;Synthetic Bug;Undesirable component;Hard;2;['954f0c046aa33d91745fc4a7ab5612edcb1d8636b1879359ace038de70d285be', 'a0ee1430817381ead0b5a3e521583bf6a5128b49be69aa023372d4c114493525'];5;0.2;0.2666666666666666;0;0;0;0;1;1;1;1;1;1
Bug44;2;It seems like it will remove all tags with the same header as the deleted tag.;0;Synthetic Bug;Undesirable component;Hard;3;['954f0c046aa33d91745fc4a7ab5612edcb1d8636b1879359ace038de70d285be', 'a0ee1430817381ead0b5a3e521583bf6a5128b49be69aa023372d4c114493525'];5;0.2;0.2111111111111111;0;0;0;0;1;1;1;1;1;1
Bug53;0;New file dialogue always says Type: Markdown rather than previous type used;1;Synthetic Bug;Wrong information is displayed;Easy;4;['f96bea99a9d9d2407a2ee17301c93ab4334275cf97231c28c55bd2f47e5d2a08'];2;0.5;0.5;0;1;1;1;1;1;1;1;1;1
Bug53;1;This appears to be a cosmetic issue only - the second new file is named something.todo.txt, so the app is correctly remembering the user's last settings, but nonetheless it looks odd and confusing to the user.;0;Synthetic Bug;Wrong information is displayed;Hard;5;['f96bea99a9d9d2407a2ee17301c93ab4334275cf97231c28c55bd2f47e5d2a08'];6;0.1666666666666666;0.1666666666666666;0;0;0;0;0;1;1;1;1;1
Bug117;0;Space increase on refresh in Nutrition Facts tab;1;Synthetic Bug;GUI refresh issue;Easy;4;['0c3ff76dd00f39e87d780c124a88f78049b3e5ea87a143b735ad992d55dcaba9', '5190822dc529fe5d177c3c2c1a8524e6ed7e98726d6c18ecc2c4c522c99f323e'];1;1.0;1.0;1;1;1;1;1;1;1;1;1;1
Bug117;1;The space between each row of nutritional value in Nutrition Facts tab increases on refreshing the data.;0;Synthetic Bug;GUI refresh issue;Easy;5;['0c3ff76dd00f39e87d780c124a88f78049b3e5ea87a143b735ad992d55dcaba9', '5190822dc529fe5d177c3c2c1a8524e6ed7e98726d6c18ecc2c4c522c99f323e'];1;1.0;1.0;1;1;1;1;1;1;1;1;1;1
Bug117;2;Refreshing also changes the space between each row of nutritional value.;0;Synthetic Bug;GUI refresh issue;Easy;5;['0c3ff76dd00f39e87d780c124a88f78049b3e5ea87a143b735ad992d55dcaba9', '5190822dc529fe5d177c3c2c1a8524e6ed7e98726d6c18ecc2c4c522c99f323e'];2;0.5;0.5833333333333333;0;1;1;1;1;1;1;1;1;1
Bug128;0;Switching language is not working.;1;Synthetic Bug;Wrong theme in screen;Hard;2;['566c956cf3003e123f19dc6a2a21fb2f99a124b0d9940b3c3c1b30f728422435'];26;0.0384615384615384;0.0384615384615384;0;0;0;0;0;0;0;0;0;0
Bug128;1;The app is falling back to english;0;Synthetic Bug;Wrong theme in screen;Hard;2;['566c956cf3003e123f19dc6a2a21fb2f99a124b0d9940b3c3c1b30f728422435'];27;0.037037037037037;0.037037037037037;0;0;0;0;0;0;0;0;0;0
Bug129;0;App crashes if incorrect secret is entered;1;Non-Synthetic Bug;App crashes;Easy;5;['13f900fd6fafd93838196fd1d853c27632a626eabdf837dd0e870ad2c2f5266a', 'd82887d972e8a0ae941ccefb7e73afd7a8972cd330a355d822cdabb60351fdfa', '8a6b7b5a5c844618e99480602ed9fd5834452497d3adde79235c6e89bbc1558e', '880dd477e9f36942e3f0b5cd86b8a9690b014aaabf72b5d0791759d0422ba6ea'];1;1.0;0.5851190476190475;1;1;1;1;1;1;1;1;1;1
Bug129;1;App crashes.;0;Non-Synthetic Bug;App crashes;Hard;2;['13f900fd6fafd93838196fd1d853c27632a626eabdf837dd0e870ad2c2f5266a', 'd82887d972e8a0ae941ccefb7e73afd7a8972cd330a355d822cdabb60351fdfa', '8a6b7b5a5c844618e99480602ed9fd5834452497d3adde79235c6e89bbc1558e', '880dd477e9f36942e3f0b5cd86b8a9690b014aaabf72b5d0791759d0422ba6ea'];1;1.0;0.5083333333333333;1;1;1;1;1;1;1;1;1;1
Bug130;0;"Onboarding issues: Third ""Let's get started"" slide show the wrong encryption method";1;Synthetic Bug;Undesirable component;Hard;3;['5b8041ae2bf7a9056b4a78b47356850e866e256cbad31ef53b267fac95e431cf', '320c867c3f14d180d08d86de381b7a9f68b8cf48ec1cc229d88b8cbd76f6bbd7', '5780f33d918cc9ee940756955d17f1376f91a80888e5a97fbf98d3a4ff22358b'];3;0.3333333333333333;0.4777777777777777;0;0;1;1;1;1;1;1;1;1
Bug130;1;Since you have chosen Android KeyStore as encryption method this is optional.;0;Synthetic Bug;Undesirable component;Hard;3;['5b8041ae2bf7a9056b4a78b47356850e866e256cbad31ef53b267fac95e431cf', '320c867c3f14d180d08d86de381b7a9f68b8cf48ec1cc229d88b8cbd76f6bbd7', '5780f33d918cc9ee940756955d17f1376f91a80888e5a97fbf98d3a4ff22358b'];1;1.0;1.0;1;1;1;1;1;1;1;1;1;1
Bug130;2;"The dropdown on the third slide has ""None"" and ""Device credentials"" greyed out, so I guess the text is just a UI bug.";0;Synthetic Bug;Undesirable component;Hard;3;['5b8041ae2bf7a9056b4a78b47356850e866e256cbad31ef53b267fac95e431cf', '320c867c3f14d180d08d86de381b7a9f68b8cf48ec1cc229d88b8cbd76f6bbd7', '5780f33d918cc9ee940756955d17f1376f91a80888e5a97fbf98d3a4ff22358b'];6;0.1666666666666666;0.1977124183006536;0;0;0;0;0;1;1;1;1;1
Bug130;3;"I went back to the second slide and double checked, it still says ""Password / PIN"".";0;Synthetic Bug;Undesirable component;Hard;4;['5b8041ae2bf7a9056b4a78b47356850e866e256cbad31ef53b267fac95e431cf', '320c867c3f14d180d08d86de381b7a9f68b8cf48ec1cc229d88b8cbd76f6bbd7', '5780f33d918cc9ee940756955d17f1376f91a80888e5a97fbf98d3a4ff22358b'];3;0.3333333333333333;0.4777777777777777;0;0;1;1;1;1;1;1;1;1
Bug130;4;"Selecting ""Android KeyStore"" and then back to ""Password / PIN"" updates the text on the third slide.";0;Synthetic Bug;Undesirable component;Hard;4;['5b8041ae2bf7a9056b4a78b47356850e866e256cbad31ef53b267fac95e431cf', '320c867c3f14d180d08d86de381b7a9f68b8cf48ec1cc229d88b8cbd76f6bbd7', '5780f33d918cc9ee940756955d17f1376f91a80888e5a97fbf98d3a4ff22358b'];1;1.0;1.0;1;1;1;1;1;1;1;1;1;1
Bug130;5;"However, here's a second issue: if I explicitly select ""Android KeyStore"" then the third slide still has a red text saying ""Please set a password to continue"".";0;Synthetic Bug;Undesirable component;Easy;5;['5b8041ae2bf7a9056b4a78b47356850e866e256cbad31ef53b267fac95e431cf', '320c867c3f14d180d08d86de381b7a9f68b8cf48ec1cc229d88b8cbd76f6bbd7', '5780f33d918cc9ee940756955d17f1376f91a80888e5a97fbf98d3a4ff22358b'];1;1.0;1.0;1;1;1;1;1;1;1;1;1;1
Bug135;0;"When clicking on a category in night mode, the app does not show the ""Parent Categories"", there's a blank space instead.";0;Non-Synthetic Bug;Data is not displayed;Easy;5;['5f73d16c7a634772a51c9c854a69bc9dec5f65b77d44fab362d5462a759767e8'];2;0.5;0.5;0;1;1;1;1;1;1;1;1;1
Bug191;0;Negative Credits;1;Synthetic Bug;Wrong information is displayed;Hard;2;['8430d221ab4d15f270457f7e12b3c8fff85018a5d25e41321c6525a561a8cb4d'];3;0.3333333333333333;0.3333333333333333;0;0;1;1;1;1;1;1;1;1
Bug191;1;2. drag+drop any defence towers you like, credits < 0 are possible;0;Synthetic Bug;Wrong information is displayed;Easy;3;['8430d221ab4d15f270457f7e12b3c8fff85018a5d25e41321c6525a561a8cb4d'];3;0.3333333333333333;0.3333333333333333;0;0;1;1;1;1;1;1;1;1
Bug206;0;Timestamp 0 when never exported.;1;Synthetic Bug;Wrong information is displayed;Hard;3;['4bebd7279257bebd1d5e73837e1bf79a9f3eb2890b02646bb0274158130d0e4f'];1;1.0;1.0;1;1;1;1;1;1;1;1;1;1
Bug206;1;Last exported: 1970-01-√†1 01-00-00.0;0;Synthetic Bug;Wrong information is displayed;Hard;3;['4bebd7279257bebd1d5e73837e1bf79a9f3eb2890b02646bb0274158130d0e4f'];1;1.0;1.0;1;1;1;1;1;1;1;1;1;1
Bug209;0;Bug: Long pressing the amount input brings up QWERTY keyboard;1;Synthetic Bug;Undesirable component;Easy;4;['812eb306a2a9fe1f1b7b22e1d8ac7f5cb52a5556d3a67d0340a5a185fb842065'];5;0.2;0.2;0;0;0;0;1;1;1;1;1;1
Bug256;0;App crashes when trying modify account if default transaction account no longer exist.;1;Non-Synthetic Bug;App crashes;Easy;4;['0be480566fd9244e83c1f87ccd788bb5bf716d340f7b52395ed850eed3b91f16', '5a9b8a9e50124d5fb5b888f933b48a44fd2301deab4e47043b2e49ee1c472b61', '5011c950846f4b3865e9eb633c3d562fa553ecf430dc155ad98009c7755aa80a'];1;1.0;0.3995621237000548;1;1;1;1;1;1;1;1;1;1
Bug256;1;5. Modify account B, crash occurred.;0;Non-Synthetic Bug;App crashes;Hard;4;['0be480566fd9244e83c1f87ccd788bb5bf716d340f7b52395ed850eed3b91f16', '5a9b8a9e50124d5fb5b888f933b48a44fd2301deab4e47043b2e49ee1c472b61', '5011c950846f4b3865e9eb633c3d562fa553ecf430dc155ad98009c7755aa80a'];5;0.2;0.1804487179487179;0;0;0;0;1;1;1;1;1;1
Bug256;2;App crashed.;0;Non-Synthetic Bug;App crashes;Hard;2;['0be480566fd9244e83c1f87ccd788bb5bf716d340f7b52395ed850eed3b91f16', '5a9b8a9e50124d5fb5b888f933b48a44fd2301deab4e47043b2e49ee1c472b61', '5011c950846f4b3865e9eb633c3d562fa553ecf430dc155ad98009c7755aa80a'];6;0.1666666666666666;0.1466124661246612;0;0;0;0;0;1;1;1;1;1
Bug1066;0;URL bar text sometimes cleared when pressing near url bar;1;Synthetic Bug;Text in Component disappears;Easy;4;['33e4756242435b50d079669e652590d157833154ee83e25427874319e041be1b', '716d4ada420fc55a4b7560a2ce89a0b2b2ad1f0646fc8e32a125f8db78dda838', 'ee923fe4324899f33f6e12779cee57014b1fd5225adc7d12b631978a89de6bf4'];6;0.1666666666666666;0.2174603174603174;0;0;0;0;0;1;1;1;1;1
Bug1066;1;Text clears;0;Synthetic Bug;Text in Component disappears;Hard;2;['33e4756242435b50d079669e652590d157833154ee83e25427874319e041be1b', '716d4ada420fc55a4b7560a2ce89a0b2b2ad1f0646fc8e32a125f8db78dda838', 'ee923fe4324899f33f6e12779cee57014b1fd5225adc7d12b631978a89de6bf4'];3;0.3333333333333333;0.3686868686868687;0;0;1;1;1;1;1;1;1;1
Bug1067;0;Home screen tips toggle improperly indented;1;Non-Synthetic Bug;Text in a component is misaligned;Easy;4;['426c058ed394da5f95cddea3b528f9cc8621b11942f1c5f89844a909d82c81a2'];1;1.0;1.0;1;1;1;1;1;1;1;1;1;1
Bug1067;1;"""Show homescreen tips"" is indented";0;Non-Synthetic Bug;Text in a component is misaligned;Easy;3;['426c058ed394da5f95cddea3b528f9cc8621b11942f1c5f89844a909d82c81a2'];1;1.0;1.0;1;1;1;1;1;1;1;1;1;1
Bug1073;0;Your Rights license link broken;1;Synthetic Bug;Data is not listed in the right sorting/order;Easy;4;['9b7fa07c923887a5f3a660121936196c3cb378bad31dc2f05ea023c7a21c2692'];13;0.0769230769230769;0.0769230769230769;0;0;0;0;0;0;0;0;0;0
Bug1073;1;Nothing;0;Non-Synthetic Bug;Data is not displayed;Hard;1;['9b7fa07c923887a5f3a660121936196c3cb378bad31dc2f05ea023c7a21c2692'];2;0.5;0.5;0;1;1;1;1;1;1;1;1;1
Bug1096;0;Going back while recording sound causes endless loading (or crash);1;Non-Synthetic Bug;Undesirable  behavior ;Hard;5;['0be480566fd9244e83c1f87ccd788bb5bf716d340f7b52395ed850eed3b91f16'];32;0.03125;0.03125;0;0;0;0;0;0;0;0;0;0
Bug1096;1;Record the sound, press done, and endless Loading screen.;0;Non-Synthetic Bug;Undesirable  behavior ;Hard;5;['0be480566fd9244e83c1f87ccd788bb5bf716d340f7b52395ed850eed3b91f16'];34;0.0294117647058823;0.0294117647058823;0;0;0;0;0;0;0;0;0;0
Bug1096;2;When I try to replicate given the steps above (on a Pixel 3), I just get a crash immediately after tapping the back button in the left side of the header.;0;Non-Synthetic Bug;App crashes;Hard;4;['0be480566fd9244e83c1f87ccd788bb5bf716d340f7b52395ed850eed3b91f16', '7edb53bf16b3ca252e7dee3ea6bdface12bc76c07499d589a5bc2ec749e0ef6d'];8;0.125;0.1458333333333333;0;0;0;0;0;0;0;1;1;1
Bug1096;3;get an endless Loading screen;0;Non-Synthetic Bug;App crashes;Hard;4;['0be480566fd9244e83c1f87ccd788bb5bf716d340f7b52395ed850eed3b91f16', '7edb53bf16b3ca252e7dee3ea6bdface12bc76c07499d589a5bc2ec749e0ef6d'];8;0.125;0.0888157894736842;0;0;0;0;0;0;0;1;1;1
Bug1096;4;unable to go back;0;Non-Synthetic Bug;App crashes;Hard;4;['0be480566fd9244e83c1f87ccd788bb5bf716d340f7b52395ed850eed3b91f16', '7edb53bf16b3ca252e7dee3ea6bdface12bc76c07499d589a5bc2ec749e0ef6d'];7;0.1428571428571428;0.1339285714285714;0;0;0;0;0;0;1;1;1;1
Bug1096;5;have to force close iNat app;0;Non-Synthetic Bug;App crashes;Hard;4;['0be480566fd9244e83c1f87ccd788bb5bf716d340f7b52395ed850eed3b91f16', '7edb53bf16b3ca252e7dee3ea6bdface12bc76c07499d589a5bc2ec749e0ef6d'];1;1.0;0.7;1;1;1;1;1;1;1;1;1;1
Bug1202;0;[Filter Images] Toast to save current is displayed even when image is saved;1;Synthetic Bug;Undesirable component;Hard;3;['8de2c3591a2cb27e7f7be8092bf5055f9b6c984afbae8b87c226b0ec7660b60d', 'cb18a9e51864e448b3181970bddbfa11b129c6ccb75673e82c46968cf1ea9095'];2;0.5;0.5833333333333333;0;1;1;1;1;1;1;1;1;1
Bug1202;1;The toast is displayed Save current first;0;Synthetic Bug;Undesirable component;Hard;3;['8de2c3591a2cb27e7f7be8092bf5055f9b6c984afbae8b87c226b0ec7660b60d', 'cb18a9e51864e448b3181970bddbfa11b129c6ccb75673e82c46968cf1ea9095'];2;0.5;0.5833333333333333;0;1;1;1;1;1;1;1;1;1
Bug1207;0;App crashes due to invalid values being processed;1;Non-Synthetic Bug;App crashes;Hard;3;['0be480566fd9244e83c1f87ccd788bb5bf716d340f7b52395ed850eed3b91f16', '7289de2d8229b56e93df71cccfefd2138ecd15642c8a33d8a571351dc5863620'];2;0.5;0.3055555555555556;0;1;1;1;1;1;1;1;1;1
Bug1207;1;"When entering an invalid value (empty or ""0"") in the ""Advanced Options"" section when manually entering details, the app crashes.";0;Non-Synthetic Bug;App crashes;Easy;5;['0be480566fd9244e83c1f87ccd788bb5bf716d340f7b52395ed850eed3b91f16', '7289de2d8229b56e93df71cccfefd2138ecd15642c8a33d8a571351dc5863620'];3;0.3333333333333333;0.2166666666666666;0;0;1;1;1;1;1;1;1;1
Bug1207;2;App crashes.;0;Non-Synthetic Bug;App crashes;Hard;2;['0be480566fd9244e83c1f87ccd788bb5bf716d340f7b52395ed850eed3b91f16', '7289de2d8229b56e93df71cccfefd2138ecd15642c8a33d8a571351dc5863620'];1;1.0;0.54;1;1;1;1;1;1;1;1;1;1
Bug1214;0;"Confirmation field doesn't react to ""show password"" option when setting password/PIN the first time";1;Synthetic Bug;Unclickable component;Easy;5;['501e2e5c249dc28abf8e52d4912f52dd03d21b39399e14fc8f8be14b3c59234f'];2;0.5;0.5;0;1;1;1;1;1;1;1;1;1
Bug1214;1;The confirm password field doesn't show password/PIN.;0;Synthetic Bug;Text in Component disappears;Easy;4;['501e2e5c249dc28abf8e52d4912f52dd03d21b39399e14fc8f8be14b3c59234f'];1;1.0;1.0;1;1;1;1;1;1;1;1;1;1
Bug1215;0;Crash when entering too large of a number in manual entry dialog;1;Non-Synthetic Bug;App crashes;Easy;4;['c2bcb423c10b457414a7f4fdc8bb73d9e84af300be5c9127579f744aae8c51de', '5aade91098c778c025c4d23a7a06a4a475e9ed8ae5cbeb0de86c970a79ea6ba7', '37b4142557edc79ce33891e22c8b36cdca317c18cbd1f62155632ebf5f0d84ab'];3;0.3333333333333333;0.265172735760971;0;0;1;1;1;1;1;1;1;1
Bug1215;1;The application crashes.;0;Non-Synthetic Bug;App crashes;Hard;2;['c2bcb423c10b457414a7f4fdc8bb73d9e84af300be5c9127579f744aae8c51de', '5aade91098c778c025c4d23a7a06a4a475e9ed8ae5cbeb0de86c970a79ea6ba7', '37b4142557edc79ce33891e22c8b36cdca317c18cbd1f62155632ebf5f0d84ab'];10;0.1;0.1402777777777777;0;0;0;0;0;0;0;0;0;1
Bug1224;0;When an account is edited, its color is lost;1;Synthetic Bug;Component is not displayed (correctly);Hard;4;['0d34b2ae6aceeaadad83681111614b957a1283faf7d0f04c502a81f9a5650c07', '8e14e795c1c4fd49424562a254e3e44e9726001d357da4db0b5c70df89147148', '39d5d97f59c7df026e01e9d0a9a3defc9fbc6e313a433ee8a28da891e5179b20', '88bedf63bd63a5a4fd56cdb60d2b0f362177e88f3caa8e971fa2d3afb2865d9a', 'ddbdee487465d14bc34b5f19129a0d8a8aa5316763ea2d0fff2916b5e3a64bec'];21;0.0476190476190476;0.0840094510715554;0;0;0;0;0;0;0;0;0;0
Bug1224;1;The color is unset.;0;Synthetic Bug;Showing data in wrong format;Hard;2;['0d34b2ae6aceeaadad83681111614b957a1283faf7d0f04c502a81f9a5650c07', '8e14e795c1c4fd49424562a254e3e44e9726001d357da4db0b5c70df89147148', '39d5d97f59c7df026e01e9d0a9a3defc9fbc6e313a433ee8a28da891e5179b20', '88bedf63bd63a5a4fd56cdb60d2b0f362177e88f3caa8e971fa2d3afb2865d9a', 'ddbdee487465d14bc34b5f19129a0d8a8aa5316763ea2d0fff2916b5e3a64bec'];21;0.0476190476190476;0.057862786905807;0;0;0;0;0;0;0;0;0;0
Bug1226;0;App crashes after creating account with BYN currency;1;Non-Synthetic Bug;App crashes;Easy;5;['2957d1cfee327d06abd84e6b91e1153eb930ce1886a45ed33c8ff4c6536fbcb0', '90e9cf15b97831124b79c7070c0bf7259c6bc734990e8f8265f30be85d2a7f84', '374c03f3602288ed8325672a98424fdb558a99b420f926a20f59a56ea4ab35f3'];2;0.5;0.2889317889317889;0;1;1;1;1;1;1;1;1;1
Bug1226;1;3. App crashes;0;Non-Synthetic Bug;App crashes;Hard;2;['2957d1cfee327d06abd84e6b91e1153eb930ce1886a45ed33c8ff4c6536fbcb0', '90e9cf15b97831124b79c7070c0bf7259c6bc734990e8f8265f30be85d2a7f84', '374c03f3602288ed8325672a98424fdb558a99b420f926a20f59a56ea4ab35f3'];2;0.5;0.2019260639950295;0;1;1;1;1;1;1;1;1;1
Bug1226;2;4. Any further attempts to start the app cause crashes;0;Non-Synthetic Bug;App crashes;Easy;5;['2957d1cfee327d06abd84e6b91e1153eb930ce1886a45ed33c8ff4c6536fbcb0', '90e9cf15b97831124b79c7070c0bf7259c6bc734990e8f8265f30be85d2a7f84', '374c03f3602288ed8325672a98424fdb558a99b420f926a20f59a56ea4ab35f3'];5;0.2;0.1060291858678955;0;0;0;0;1;1;1;1;1;1
Bug1299;0;[BUG] Crashes in Collect after importing field_sample.csv;1;Non-Synthetic Bug;App crashes;Easy;3;['e9baf7bd2356f52876be906bce06fe0d645bf7d061dc6158d90b0e4cfb1b20a6', '16c9d62c265c8fdb4e439859c356403676619f27ba36b7df23aeaf444ab30cd4'];14;0.0714285714285714;0.0811688311688311;0;0;0;0;0;0;0;0;0;0
Bug1299;1;Following exception occurs after importing a sample csv, going to Collect, and pressing the +1 button.;0;Non-Synthetic Bug;App crashes;Easy;5;['e9baf7bd2356f52876be906bce06fe0d645bf7d061dc6158d90b0e4cfb1b20a6', '16c9d62c265c8fdb4e439859c356403676619f27ba36b7df23aeaf444ab30cd4'];14;0.0714285714285714;0.0982142857142857;0;0;0;0;0;0;0;0;0;0
Bug1299;2;6. Click any button (other than primary/secondary choice) on this page and the app crashes;0;Non-Synthetic Bug;App crashes;Easy;4;['e9baf7bd2356f52876be906bce06fe0d645bf7d061dc6158d90b0e4cfb1b20a6', '16c9d62c265c8fdb4e439859c356403676619f27ba36b7df23aeaf444ab30cd4'];8;0.125;0.1394230769230769;0;0;0;0;0;0;0;1;1;1
Bug1399;0;redundant camera dialog;1;Synthetic Bug;Undesirable component;Hard;2;['ad41e7f2e73e4e533bb9f1b4c59f36302e57e0a958e977b09a97d5c2cabb10d2'];1;1.0;1.0;1;1;1;1;1;1;1;1;1;1
Bug1399;1;after resetting the settings, a dialog appears while opening up the camera settings for the first time which navigates to the camera.;0;Synthetic Bug;Undesirable component;Easy;5;['ad41e7f2e73e4e533bb9f1b4c59f36302e57e0a958e977b09a97d5c2cabb10d2'];1;1.0;1.0;1;1;1;1;1;1;1;1;1;1
Bug1399;2;a dialog would appear which directs to camera on clicking ok.;0;Synthetic Bug;Undesirable component;Easy;4;['ad41e7f2e73e4e533bb9f1b4c59f36302e57e0a958e977b09a97d5c2cabb10d2'];1;1.0;1.0;1;1;1;1;1;1;1;1;1;1
Bug1430;0;Crash after deleting a program that is in progress;1;Non-Synthetic Bug;App crashes;Hard;3;['bf8ce597a165d063465dfa0a76e9184cdcd6593596885753e8d2808b1ef505e1', 'd39c2c754950166798705365a33ee5104463a282c70fbcd711ff3d9f25a7e75b', '7dc0ecb412c8115ab5f890684aa866f751b8587206fa4a03cdd791ae1120201d'];8;0.125;0.1686507936507936;0;0;0;0;0;0;0;1;1;1
Bug1430;1;"If you start a program, then go to delete it without first stopping it, then the next time you go back into ""Workout"" the application will crash.";0;Non-Synthetic Bug;App crashes;Easy;5;['bf8ce597a165d063465dfa0a76e9184cdcd6593596885753e8d2808b1ef505e1', 'd39c2c754950166798705365a33ee5104463a282c70fbcd711ff3d9f25a7e75b', '7dc0ecb412c8115ab5f890684aa866f751b8587206fa4a03cdd791ae1120201d'];7;0.1428571428571428;0.2216931216931217;0;0;0;0;0;0;1;1;1;1
Bug1430;2;It will be stuck in a crash loop.;0;Non-Synthetic Bug;App crashes;Hard;2;['bf8ce597a165d063465dfa0a76e9184cdcd6593596885753e8d2808b1ef505e1', 'd39c2c754950166798705365a33ee5104463a282c70fbcd711ff3d9f25a7e75b', '7dc0ecb412c8115ab5f890684aa866f751b8587206fa4a03cdd791ae1120201d'];1;1.0;0.6333333333333333;1;1;1;1;1;1;1;1;1;1
Bug1430;3;The application will crash.;0;Non-Synthetic Bug;App crashes;Hard;2;['bf8ce597a165d063465dfa0a76e9184cdcd6593596885753e8d2808b1ef505e1', 'd39c2c754950166798705365a33ee5104463a282c70fbcd711ff3d9f25a7e75b', '7dc0ecb412c8115ab5f890684aa866f751b8587206fa4a03cdd791ae1120201d'];4;0.25;0.3277777777777778;0;0;0;1;1;1;1;1;1;1
Bug1441;0;Issue manually entering fishing spot coordinates;1;Synthetic Bug;Textual error in screen;Hard;2;['f017eceeb377db602bbb7d45fafae25a710f7cc26c4c610b0b80e9cc325ca3c3'];1;1.0;1.0;1;1;1;1;1;1;1;1;1;1
Bug1441;1;"If the ""sync"" icon isn't clicked after manually entering coordinates, the fishing spot's coordinates aren't updated accordingly.";0;Synthetic Bug;Uneditable component;Easy;5;['f017eceeb377db602bbb7d45fafae25a710f7cc26c4c610b0b80e9cc325ca3c3'];2;0.5;0.5;0;1;1;1;1;1;1;1;1;1
Bug1441;2;5. In the edit location screen the coordinates are not correct;0;Non-Synthetic Bug;Undesirable  behavior ;Easy;4;['f017eceeb377db602bbb7d45fafae25a710f7cc26c4c610b0b80e9cc325ca3c3'];6;0.1666666666666666;0.1666666666666666;0;0;0;0;0;1;1;1;1;1
Bug1481;0;Back behaviour broken for Article WebView;1;Non-Synthetic Bug;Undesirable  behavior ;Hard;2;['077634828f83878f53872d6319b6a80a8b7ac15922c88c454f87e5f9e95a52db', '37fdb4d0868d7e2e7b9a5f1a3d7b6f704ed02bb11b7ca2cdfbad20e305dac8c5', '689e73c5fa90a739f03a53baa133dc9020219288f88ab27daa02749eaceddaf4', '77729a1fb79cd71941bd38c10bcf17938674d34dca3885cd24539204cdd595ca', '7d92d7aba10153a61b79e742cd0010cb36d201ccb2ea9c7c65a9fa8f9b828a89', '8fcd1ff922a2a025aa4f60e1bc60eab40a8c3cb5dd5836e4897390d17799c48f'];35;0.0285714285714285;0.0892464028375453;0;0;0;0;0;0;0;0;0;0
Bug1481;1;Observe the the user is taken back to the front page rather than navigating back a page in the WebView.;0;Non-Synthetic Bug;Undesirable  behavior ;Easy;5;['077634828f83878f53872d6319b6a80a8b7ac15922c88c454f87e5f9e95a52db', '37fdb4d0868d7e2e7b9a5f1a3d7b6f704ed02bb11b7ca2cdfbad20e305dac8c5', '689e73c5fa90a739f03a53baa133dc9020219288f88ab27daa02749eaceddaf4', '77729a1fb79cd71941bd38c10bcf17938674d34dca3885cd24539204cdd595ca', '7d92d7aba10153a61b79e742cd0010cb36d201ccb2ea9c7c65a9fa8f9b828a89', '8fcd1ff922a2a025aa4f60e1bc60eab40a8c3cb5dd5836e4897390d17799c48f'];1;1.0;1.0;1;1;1;1;1;1;1;1;1;1
Bug1645;0;Crash in Add Exercise Dialog;1;Non-Synthetic Bug;App crashes;Hard;3;['8a9732cb2ab4e7869d8535f1a9e8f67f08f090f20e3ddadf3f9b3940ebaec511', 'a719f24f2ba3535fb31b5888e77e3d996baa57a4b1fc098a093d1f70bd49f4e4', '6a40d56883c3db0ece8ca0b1b72e38039804a70a41eeb703c1bef5cff6c8dba6'];2;0.5;0.35;0;1;1;1;1;1;1;1;1;1
Bug1645;1;App crashes if the user checks the Angle Box in the Add Exercise Dialog.;0;Non-Synthetic Bug;App crashes;Easy;5;['8a9732cb2ab4e7869d8535f1a9e8f67f08f090f20e3ddadf3f9b3940ebaec511', 'a719f24f2ba3535fb31b5888e77e3d996baa57a4b1fc098a093d1f70bd49f4e4', '6a40d56883c3db0ece8ca0b1b72e38039804a70a41eeb703c1bef5cff6c8dba6'];1;1.0;0.8055555555555555;1;1;1;1;1;1;1;1;1;1
Bug1645;2;6. See the Error;0;Non-Synthetic Bug;App crashes;Hard;1;['8a9732cb2ab4e7869d8535f1a9e8f67f08f090f20e3ddadf3f9b3940ebaec511', 'a719f24f2ba3535fb31b5888e77e3d996baa57a4b1fc098a093d1f70bd49f4e4', '6a40d56883c3db0ece8ca0b1b72e38039804a70a41eeb703c1bef5cff6c8dba6'];11;0.0909090909090909;0.1627816627816627;0;0;0;0;0;0;0;0;0;0
Bug22;0;"New ""edit times"" screen harder to use than old screen";1;Synthetic Bug;Wrong theme in screen;Easy;2;['3c7e0a9158f8902d1ac870cfa3d1e436dd9758186b596d65ea24553ebf5300da', '4c97f9f18454995f5fbd7c648e1fdcfcaa7fe0de95f828bff1a72950d9590049', '83b09f73656629cdac97d2cfef82ea6363e313f1745bf5d07d25a685c23c2594', 'ccd62be816e758eaed9bf775f6d43ff07e34c6cc76ae5c068d766cd476222eb8'];1;1.0;1.0;1;1;1;1;1;1;1;1;1;1
Bug22;1;The new edit times screen which appears looks nice, but using it to actually edit times is a much greater pain than the irritants that were present on the old screen (the version with the round 'clock' time selector wheels).;0;Synthetic Bug;Wrong theme in screen;Easy;2;['3c7e0a9158f8902d1ac870cfa3d1e436dd9758186b596d65ea24553ebf5300da', '4c97f9f18454995f5fbd7c648e1fdcfcaa7fe0de95f828bff1a72950d9590049', '83b09f73656629cdac97d2cfef82ea6363e313f1745bf5d07d25a685c23c2594', 'ccd62be816e758eaed9bf775f6d43ff07e34c6cc76ae5c068d766cd476222eb8'];1;1.0;1.0;1;1;1;1;1;1;1;1;1;1
Bug22;2;The UI for selecting a time value has changed from a circular clock face to a side-by-side pair of vertically scrolling linear lists of time values.;0;Non-Synthetic Bug;Undesirable  behavior ;Easy;4;['3c7e0a9158f8902d1ac870cfa3d1e436dd9758186b596d65ea24553ebf5300da', '4c97f9f18454995f5fbd7c648e1fdcfcaa7fe0de95f828bff1a72950d9590049', '83b09f73656629cdac97d2cfef82ea6363e313f1745bf5d07d25a685c23c2594', 'ccd62be816e758eaed9bf775f6d43ff07e34c6cc76ae5c068d766cd476222eb8'];1;1.0;1.0;1;1;1;1;1;1;1;1;1;1
Bug22;3;But the two UI's are like the difference between an O(1) lookup vs. an O(n) lookup algorithm.;0;Synthetic Bug;Wrong information is displayed;Hard;3;['3c7e0a9158f8902d1ac870cfa3d1e436dd9758186b596d65ea24553ebf5300da', '4c97f9f18454995f5fbd7c648e1fdcfcaa7fe0de95f828bff1a72950d9590049', '83b09f73656629cdac97d2cfef82ea6363e313f1745bf5d07d25a685c23c2594', 'ccd62be816e758eaed9bf775f6d43ff07e34c6cc76ae5c068d766cd476222eb8'];1;1.0;0.5163398692810457;1;1;1;1;1;1;1;1;1;1
Bug54;0;Save button makes the file not save;1;Non-Synthetic Bug;Undesirable  behavior ;Easy;5;['9b7efcd5a7315e14892e6d76fa837904769af75d58bee4f1903ebbaa2a4adaba', '50a4158eecff65c50d487a2b1154d04f943e9a1add28efb389fa7fdea331fa37', 'ba43740120aca9172e3124f0e25ca14b533d3398bd1311c0b88fcdacc00f0d3d', 'd2296b40b5f56eb177b6e852e481500944cc150e360c22a9d0a003b0eb2e83a5'];2;0.5;0.3326923076923077;0;1;1;1;1;1;1;1;1;1
Bug54;1;6. Note is NOT created;0;Non-Synthetic Bug;Undesirable  behavior ;Easy;4;['9b7efcd5a7315e14892e6d76fa837904769af75d58bee4f1903ebbaa2a4adaba', '50a4158eecff65c50d487a2b1154d04f943e9a1add28efb389fa7fdea331fa37', 'ba43740120aca9172e3124f0e25ca14b533d3398bd1311c0b88fcdacc00f0d3d', 'd2296b40b5f56eb177b6e852e481500944cc150e360c22a9d0a003b0eb2e83a5'];2;0.5;0.4151785714285714;0;1;1;1;1;1;1;1;1;1
Bug54;2;If I wait then the note is not created.;0;Non-Synthetic Bug;Undesirable  behavior ;Easy;4;['9b7efcd5a7315e14892e6d76fa837904769af75d58bee4f1903ebbaa2a4adaba', '50a4158eecff65c50d487a2b1154d04f943e9a1add28efb389fa7fdea331fa37', 'ba43740120aca9172e3124f0e25ca14b533d3398bd1311c0b88fcdacc00f0d3d', 'd2296b40b5f56eb177b6e852e481500944cc150e360c22a9d0a003b0eb2e83a5'];2;0.5;0.4935897435897435;0;1;1;1;1;1;1;1;1;1
Bug76;0;File URI support detection overly strict;1;Synthetic Bug;Showing data in wrong format;Hard;2;['f71779fe05a774400bf84ca82c89a8d95f8754009ea1a254953276ac3e3991e5'];3;0.3333333333333333;0.3333333333333333;0;0;1;1;1;1;1;1;1;1
Bug76;1;External storage cannot be written to on Fire OS 5 (based on Android 5.1 Lollipop LOLLIPOP_MR1), despite Storage Access Framework (SAF) subtree support being added in 5.0 LOLLIPOP.;0;Non-Synthetic Bug;Undesirable  behavior ;Hard;3;['f71779fe05a774400bf84ca82c89a8d95f8754009ea1a254953276ac3e3991e5'];4;0.25;0.25;0;0;0;1;1;1;1;1;1;1
Bug76;2;"3. Observe lack of ""Mount folder"" menu item.";0;Non-Synthetic Bug;Component disappear;Easy;4;['f71779fe05a774400bf84ca82c89a8d95f8754009ea1a254953276ac3e3991e5'];4;0.25;0.25;0;0;0;1;1;1;1;1;1;1
Bug91;0;Can no longer enter text in SSID Filter TextView;1;Synthetic Bug;Uneditable component;Easy;5;['f378dc47e21dbc9e301fbb67468ff357c6a41055ad1450c1cbf9e9682483dd30'];1;1.0;1.0;1;1;1;1;1;1;1;1;1;1
Bug91;1;Cannot enter any text in the SSID Filter field.;0;Synthetic Bug;Uneditable component;Easy;5;['f378dc47e21dbc9e301fbb67468ff357c6a41055ad1450c1cbf9e9682483dd30'];1;1.0;1.0;1;1;1;1;1;1;1;1;1;1
Bug91;2;Keyboard does not pop up.;0;Non-Synthetic Bug;Component disappear;Easy;4;['f378dc47e21dbc9e301fbb67468ff357c6a41055ad1450c1cbf9e9682483dd30'];21;0.0476190476190476;0.0476190476190476;0;0;0;0;0;0;0;0;0;0
Bug92;0;MAC vendor search is case sensitive;1;Synthetic Bug;Textual error in screen;Easy;4;['3ffcbabdd5d8b95053bfc3dc6a707267a3ff0374c1e89037b8fbbd88feca6ef8'];2;0.5;0.5;0;1;1;1;1;1;1;1;1;1
Bug92;1;However, as already stated in one of the comments, the search is case sensitive, it only works if you type upper case letters.;0;Synthetic Bug;Textual error in screen;Easy;4;['3ffcbabdd5d8b95053bfc3dc6a707267a3ff0374c1e89037b8fbbd88feca6ef8'];20;0.05;0.05;0;0;0;0;0;0;0;0;0;0
Bug92;2;4. See no results;0;Non-Synthetic Bug;Undesirable  behavior ;Hard;3;['3ffcbabdd5d8b95053bfc3dc6a707267a3ff0374c1e89037b8fbbd88feca6ef8'];7;0.1428571428571428;0.1428571428571428;0;0;0;0;0;0;1;1;1;1
Bug158;0;Dark mode not correctly setting theme colors in card area of Reviewer;1;Synthetic Bug;Wrong theme in screen;Easy;3;['8d8389d0fdcbc813730d07ae0d2305f1bc293f8309ed532b91116c51db8e3c59', 'ba1ce36b563359e9b4defdbd7c79bc6ae033d31c8c713212a2b38719bb700998'];16;0.0625;0.0838815789473684;0;0;0;0;0;0;0;0;0;0
Bug158;1;Card background is always 100% black.;0;Synthetic Bug;Wrong theme in screen;Easy;4;['8d8389d0fdcbc813730d07ae0d2305f1bc293f8309ed532b91116c51db8e3c59', 'ba1ce36b563359e9b4defdbd7c79bc6ae033d31c8c713212a2b38719bb700998'];14;0.0714285714285714;0.1023809523809523;0;0;0;0;0;0;0;0;0;0
Bug160;0;On redrawing, the eraser tab still remains grayed out.;0;Synthetic Bug;Component is not displayed (correctly);Easy;4;['a0b726bcfacb34e7995bcbe74a88442f146978c1610eed8d9038a1f392fcecb2', 'e4c726db54cea87560f449933302fddcf686ab9f4b644ffceebebfedc54543b5', 'f05b890f250d2febb1dea8edabfc1a7866ccc940aadfa374789d26cbc0c11b0b'];4;0.25;0.3833333333333333;0;0;0;1;1;1;1;1;1;1
Bug162;0;Crashes with invalid format email address;1;Synthetic Bug;Wrong information is displayed;Easy;4;['2957d1cfee327d06abd84e6b91e1153eb930ce1886a45ed33c8ff4c6536fbcb0'];2;0.5;0.5;0;1;1;1;1;1;1;1;1;1
Bug162;1;"If I try to add a new email account to K9-Mail (Enter email and password) and tap on one of the two buttons (""Manually"" or ""Continue"") the app will crash with only the message ""K-9 Mail has stopped""";0;Non-Synthetic Bug;App crashes;Easy;4;['2957d1cfee327d06abd84e6b91e1153eb930ce1886a45ed33c8ff4c6536fbcb0', '22d8aeb2beb7f50ba88b5aa458d86aa39e1d21c662256fa943767f61f62874f6', '3021e0808fd07caae95f6b2a1622f3d7fa457f999d434c484b3e359c304f4c41', 'a64ea9623a021f428b644075fa99211263ca7360fbd09f055e5874485779d9ce'];2;0.5;0.5845238095238094;0;1;1;1;1;1;1;1;1;1
Bug162;2;4. Crash;0;Non-Synthetic Bug;App crashes;Hard;1;['2957d1cfee327d06abd84e6b91e1153eb930ce1886a45ed33c8ff4c6536fbcb0', '22d8aeb2beb7f50ba88b5aa458d86aa39e1d21c662256fa943767f61f62874f6', '3021e0808fd07caae95f6b2a1622f3d7fa457f999d434c484b3e359c304f4c41', 'a64ea9623a021f428b644075fa99211263ca7360fbd09f055e5874485779d9ce'];8;0.125;0.1889880952380952;0;0;0;0;0;0;0;1;1;1
Bug192;0;Cursor position reset when switching away from app;1;Non-Synthetic Bug;Undesirable  behavior ;Easy;4;['60fe6da5eaa144d7d03d34e758cd3935ad1568de4ca61e27fa6067ca59a5b05e'];1;1.0;1.0;1;1;1;1;1;1;1;1;1;1
Bug192;1;Cursor goes back to the initial position.;0;Non-Synthetic Bug;Undesirable  behavior ;Easy;4;['60fe6da5eaa144d7d03d34e758cd3935ad1568de4ca61e27fa6067ca59a5b05e'];2;0.5;0.5;0;1;1;1;1;1;1;1;1;1
Bug192;2;If you insert the image after switching back, it'll be inserted at the beginning of the file.;0;Non-Synthetic Bug;Undesirable  behavior ;Easy;4;['60fe6da5eaa144d7d03d34e758cd3935ad1568de4ca61e27fa6067ca59a5b05e'];4;0.25;0.25;0;0;0;1;1;1;1;1;1;1
Bug199;0;Autosync Does Not Activate After Regaining Connectivity;1;Synthetic Bug;Component is not displayed (correctly);Easy;4;['0168c632f4a025d7984edf3eb7431ac08c5b4fd4121f2dccc10ae13ab8216412'];14;0.0714285714285714;0.0714285714285714;0;0;0;0;0;0;0;0;0;0
Bug199;1;4. Obs remain in Waiting for Upload... state and pull to refresh does not activate a sync.;0;Synthetic Bug;Component is not displayed (correctly);Easy;5;['0168c632f4a025d7984edf3eb7431ac08c5b4fd4121f2dccc10ae13ab8216412'];7;0.1428571428571428;0.1428571428571428;0;0;0;0;0;0;1;1;1;1
Bug200;0;Ghost thumbnail image in observation list view;1;Synthetic Bug;Undesirable component;Hard;2;['0168c632f4a025d7984edf3eb7431ac08c5b4fd4121f2dccc10ae13ab8216412', '3777be9509c853e63b70ff749cacba34117bb6c2584ab8146b4215f36f7520a5'];3;0.3333333333333333;0.2916666666666666;0;0;1;1;1;1;1;1;1;1
Bug200;1;When I create an observation without an image and go back to the My Observations list, there is an image there from another one of my obs.;0;Synthetic Bug;Undesirable component;Easy;5;['0168c632f4a025d7984edf3eb7431ac08c5b4fd4121f2dccc10ae13ab8216412', '3777be9509c853e63b70ff749cacba34117bb6c2584ab8146b4215f36f7520a5'];3;0.3333333333333333;0.4166666666666666;0;0;1;1;1;1;1;1;1;1
Bug1033;0;"Bug: ""%"" are duplicated in ""Deck options""";1;Synthetic Bug;Undesirable component;Easy;4;['7fd0424aaa4d543eecdcce037d9ddef7976d20d63b9096a356995f332eb3a018'];12;0.0833333333333333;0.0833333333333333;0;0;0;0;0;0;0;0;0;0
Bug1033;1;"""%"" are duplicated on 2.9alpha18";0;Synthetic Bug;Undesirable component;Hard;2;['7fd0424aaa4d543eecdcce037d9ddef7976d20d63b9096a356995f332eb3a018'];5;0.2;0.2;0;0;0;0;1;1;1;1;1;1
Bug1150;0;"""Help->About"" language doesn't change when language setting is changed";1;Non-Synthetic Bug;Undesirable  behavior ;Easy;5;['0a763ce20f8792c78742edb925e8ce6355ad811342561fa0d8e7558e1e84491b', '6f6e5740608a2255f89ac01979631d1c7f4bf7bbfb88680a33abd7361cde7079'];5;0.2;0.2666666666666666;0;0;0;0;1;1;1;1;1;1
Bug1150;1;"The language of the ""Help->About"" screen isn't currently affected by the ""Setting->Language"" setting.";0;Non-Synthetic Bug;Undesirable  behavior ;Easy;5;['0a763ce20f8792c78742edb925e8ce6355ad811342561fa0d8e7558e1e84491b', '6f6e5740608a2255f89ac01979631d1c7f4bf7bbfb88680a33abd7361cde7079'];4;0.25;0.325;0;0;0;1;1;1;1;1;1;1
Bug1150;2;"The ""Help->About"" screen is shown in the Android system settings language and ignores the GPSTest language setting.";0;Non-Synthetic Bug;Undesirable  behavior ;Easy;5;['0a763ce20f8792c78742edb925e8ce6355ad811342561fa0d8e7558e1e84491b', '6f6e5740608a2255f89ac01979631d1c7f4bf7bbfb88680a33abd7361cde7079'];7;0.1428571428571428;0.1714285714285714;0;0;0;0;0;0;1;1;1;1
Bug1197;0;[Bug] Nothing happens when we try to add password to already password protected PDF;1;Non-Synthetic Bug;Undesirable  behavior ;Easy;4;['8bd771e28eba5ece8c3ce59f46fb8ac64b2fc766ac33cf4afa831bc9b67fcda6', 'cd17c0ac70370987547c54daf3f22a530f9ac3c2ab01e47d5eb6fbeb6c590e7c'];8;0.125;0.1625;0;0;0;0;0;0;0;1;1;1
Bug1197;1;7. Snackbar shows Password added, but nothing happens in the listing.;0;Non-Synthetic Bug;Undesirable  behavior ;Hard;3;['8bd771e28eba5ece8c3ce59f46fb8ac64b2fc766ac33cf4afa831bc9b67fcda6', 'cd17c0ac70370987547c54daf3f22a530f9ac3c2ab01e47d5eb6fbeb6c590e7c'];7;0.1428571428571428;0.1825396825396825;0;0;0;0;0;0;1;1;1;1
Bug1198;0;[Bug] Encrypted PDF gets overwritten in case same pdf is encrypted again;1;Non-Synthetic Bug;Undesirable  behavior ;Easy;5;['d54276dfee4daa88de199780d943e45b9e318ba5be418e8eb1cb6d30671c012e'];2;0.5;0.5;0;1;1;1;1;1;1;1;1;1
Bug1198;1;7. The previous file abc_encrypted.pdf is overwritten;0;Non-Synthetic Bug;Undesirable  behavior ;Hard;4;['d54276dfee4daa88de199780d943e45b9e318ba5be418e8eb1cb6d30671c012e'];4;0.25;0.25;0;0;0;1;1;1;1;1;1;1
Bug1228;0;Transaction details screen footer disappears;1;Non-Synthetic Bug;Component disappear;Easy;3;['6aca96ddaeba3009c36baced343561974bc98c904965fc17a4e890e00c0d696c', '87a5544dcc6304b2df3fef47fc628998eb2a18e78c1f3310f7d60cc018cb759e'];23;0.0434782608695652;0.0520421607378129;0;0;0;0;0;0;0;0;0;0
Bug1228;1;Footer removed (balance and date).;0;Non-Synthetic Bug;Component disappear;Easy;3;['6aca96ddaeba3009c36baced343561974bc98c904965fc17a4e890e00c0d696c', '87a5544dcc6304b2df3fef47fc628998eb2a18e78c1f3310f7d60cc018cb759e'];1;1.0;0.5416666666666666;1;1;1;1;1;1;1;1;1;1
Bug1389;0;Crash when adding empty link;1;Non-Synthetic Bug;App crashes;Easy;4;['2957d1cfee327d06abd84e6b91e1153eb930ce1886a45ed33c8ff4c6536fbcb0', '70e70cfdab5caa3d52c61d98495ecb5ccdd699cba946770630c05bde21c1a44f'];1;1.0;1.0;1;1;1;1;1;1;1;1;1;1
Bug1389;1;"Open app -> tap to + button -> write ""abcde"" or leave a blank line -> tap to add button -> crash";0;Non-Synthetic Bug;App crashes;Easy;5;['2957d1cfee327d06abd84e6b91e1153eb930ce1886a45ed33c8ff4c6536fbcb0', '70e70cfdab5caa3d52c61d98495ecb5ccdd699cba946770630c05bde21c1a44f'];2;0.5;0.5;0;1;1;1;1;1;1;1;1;1
Bug1425;0;BMI wrong when weight is not in kg;1;Synthetic Bug;Wrong information is displayed;Easy;5;['30949fdbc7c991fe30bd7b17577058c2f1aae1600180890add0761d0f8518ecc'];2;0.5;0.5;0;1;1;1;1;1;1;1;1;1
Bug1425;1;When the weight is set in lb or st the BMI calculated is wrong.;0;Synthetic Bug;Wrong information is displayed;Easy;5;['30949fdbc7c991fe30bd7b17577058c2f1aae1600180890add0761d0f8518ecc'];2;0.5;0.5;0;1;1;1;1;1;1;1;1;1
Bug1425;2;See error;0;Synthetic Bug;Wrong information is displayed;Hard;1;['30949fdbc7c991fe30bd7b17577058c2f1aae1600180890add0761d0f8518ecc'];11;0.0909090909090909;0.0909090909090909;0;0;0;0;0;0;0;0;0;0
Bug1446;0;Trying to edit fishing spots adds a new one to the list, and the coordinates of the existing fishing spot are not updated.;0;Synthetic Bug;Wrong information is displayed;Easy;5;['98698253bcc0fbba2a1a2dbbfa4c6adac03e5a0d69e161d18239d9043dca356b', 'f017eceeb377db602bbb7d45fafae25a710f7cc26c4c610b0b80e9cc325ca3c3'];1;1.0;1.0;1;1;1;1;1;1;1;1;1;1
Bug1446;1;5. There will be two of the same spot showing in the list;0;Synthetic Bug;Undesirable component;Easy;4;['98698253bcc0fbba2a1a2dbbfa4c6adac03e5a0d69e161d18239d9043dca356b', 'f017eceeb377db602bbb7d45fafae25a710f7cc26c4c610b0b80e9cc325ca3c3'];2;0.5;0.5;0;1;1;1;1;1;1;1;1;1
Bug1568;0;Crash when using the checkboxes;1;Non-Synthetic Bug;App crashes;Hard;3;['322fee6d2791b7cb6ac7e9adcbc7303e4fc4af31aca6b715a500c1322e2616d8', '80fb5f189cbea7ec59bf54fa092b75ec7b55450244c52183854325091581014c', 'c3ace511cc9ec178af968ada69bdc51c522b9c99b74c54dc8e9f7f82d504f55c'];5;0.2;0.273015873015873;0;0;0;0;1;1;1;1;1;1
Bug1568;1;The bug seems to appear when quickly changing multiple checkboxes.;0;Non-Synthetic Bug;App crashes;Hard;3;['322fee6d2791b7cb6ac7e9adcbc7303e4fc4af31aca6b715a500c1322e2616d8', '80fb5f189cbea7ec59bf54fa092b75ec7b55450244c52183854325091581014c', 'c3ace511cc9ec178af968ada69bdc51c522b9c99b74c54dc8e9f7f82d504f55c'];1;1.0;0.7777777777777778;1;1;1;1;1;1;1;1;1;1
Bug1568;2;4. Crash;0;Non-Synthetic Bug;App crashes;Hard;1;['322fee6d2791b7cb6ac7e9adcbc7303e4fc4af31aca6b715a500c1322e2616d8', '80fb5f189cbea7ec59bf54fa092b75ec7b55450244c52183854325091581014c', 'c3ace511cc9ec178af968ada69bdc51c522b9c99b74c54dc8e9f7f82d504f55c'];2;0.5;0.4761904761904762;0;1;1;1;1;1;1;1;1;1
Bug71;0;Favorites bar doesn't appear under specific UI settings;1;Non-Synthetic Bug;Undesirable  behavior ;Easy;4;['9c71fea6827fd6c144016abb8964b5a9e484fb0d3f1018895d558fddbfb63049', '529470124c13641f288fc86686f5f56d61351df49e0ab38134d56c99b376e642'];11;0.0909090909090909;0.1287878787878787;0;0;0;0;0;0;0;0;0;0
Bug71;1;After updating to a newer version of KISS launcher, I am no longer able to make the shortcut bar appear.;0;Non-Synthetic Bug;Undesirable  behavior ;Easy;5;['9c71fea6827fd6c144016abb8964b5a9e484fb0d3f1018895d558fddbfb63049', '529470124c13641f288fc86686f5f56d61351df49e0ab38134d56c99b376e642'];11;0.0909090909090909;0.1287878787878787;0;0;0;0;0;0;0;0;0;0
Bug71;2;When enabled, the favorites bar will not appear when I try to tap on the screen.;0;Non-Synthetic Bug;Undesirable  behavior ;Easy;4;['9c71fea6827fd6c144016abb8964b5a9e484fb0d3f1018895d558fddbfb63049', '529470124c13641f288fc86686f5f56d61351df49e0ab38134d56c99b376e642'];6;0.1666666666666666;0.2261904761904761;0;0;0;0;0;1;1;1;1;1
Bug71;3;When disabled, the favorites bar will stay present and not disappear until the search bar or the KISS button is pressed.;0;Non-Synthetic Bug;Undesirable  behavior ;Easy;5;['9c71fea6827fd6c144016abb8964b5a9e484fb0d3f1018895d558fddbfb63049', '529470124c13641f288fc86686f5f56d61351df49e0ab38134d56c99b376e642'];11;0.0909090909090909;0.1287878787878787;0;0;0;0;0;0;0;0;0;0
Bug71;4;5. Check home screen to see there is no favorites bar, even after tapping the screen.;0;Non-Synthetic Bug;Undesirable  behavior ;Hard;3;['9c71fea6827fd6c144016abb8964b5a9e484fb0d3f1018895d558fddbfb63049', '529470124c13641f288fc86686f5f56d61351df49e0ab38134d56c99b376e642'];3;0.3333333333333333;0.4166666666666666;0;0;1;1;1;1;1;1;1;1
Bug71;5;Now, I can't make the favorites bar appear at all without changing my settings.;0;Non-Synthetic Bug;Undesirable  behavior ;Easy;4;['9c71fea6827fd6c144016abb8964b5a9e484fb0d3f1018895d558fddbfb63049', '529470124c13641f288fc86686f5f56d61351df49e0ab38134d56c99b376e642'];7;0.1428571428571428;0.1964285714285714;0;0;0;0;0;0;1;1;1;1
Bug201;0;Snackbar Disappears During Auto-Upload;1;Non-Synthetic Bug;Component disappear;Hard;2;['8616df9a49b487ea16f22dd25fd57313bbd7d7c97ed9b69efdf39f4acc7dc64d', 'a56d60a2b0d1e844013d38b9260b39b031c35a25cc65fb1b80b746393206807d'];15;0.0666666666666666;0.092156862745098;0;0;0;0;0;0;0;0;0;0
Bug201;1;"3. Notice the ""Resume"" button and snackbar are present for a few seconds and then disappear.";0;Non-Synthetic Bug;Component disappear;Hard;3;['8616df9a49b487ea16f22dd25fd57313bbd7d7c97ed9b69efdf39f4acc7dc64d', 'a56d60a2b0d1e844013d38b9260b39b031c35a25cc65fb1b80b746393206807d'];26;0.0384615384615384;0.0562678062678062;0;0;0;0;0;0;0;0;0;0
Bug201;2;"The obs are left in ""Waiting to Upload..."" state without a way to upload them.";0;Non-Synthetic Bug;Component disappear;Hard;2;['8616df9a49b487ea16f22dd25fd57313bbd7d7c97ed9b69efdf39f4acc7dc64d', 'a56d60a2b0d1e844013d38b9260b39b031c35a25cc65fb1b80b746393206807d'];1;1.0;1.0;1;1;1;1;1;1;1;1;1;1
Bug201;3;Even going to other sections of the app and coming back to not initiate uploads.;0;Non-Synthetic Bug;Component disappear;Hard;1;['8616df9a49b487ea16f22dd25fd57313bbd7d7c97ed9b69efdf39f4acc7dc64d', 'a56d60a2b0d1e844013d38b9260b39b031c35a25cc65fb1b80b746393206807d'];1;1.0;1.0;1;1;1;1;1;1;1;1;1;1
Bug1146;0;"Currently, the previously displayed text remains, which shows something like ""Showing 9 of 15 satellites (show all)""";0;Synthetic Bug;Undesirable component;Hard;5;['ab5163d4ac03463cd787f6f02db11e3f293de6d9b2de74a529382bc565e207ee'];2;0.5;0.5;0;1;1;1;1;1;1;1;1;1
Bug1146;1;Filter text is still visible;0;Synthetic Bug;Undesirable component;Hard;2;['ab5163d4ac03463cd787f6f02db11e3f293de6d9b2de74a529382bc565e207ee'];13;0.0769230769230769;0.0769230769230769;0;0;0;0;0;0;0;0;0;0
Bug1147;0;Nav drawer selection color for dark theme isn't right;1;Synthetic Bug;Unsupported theme in component;Hard;2;['e04f069d56b90ceca5a1f3e2d4a2e307020a013ef133c39c1ca7cff371db85ef', 'c3b6fa6b17b8521b017fb3d565ef5c045266e030ed050e01ed41d8dfb4302512', '2922ae01860f6564bfd8a1d9bb5f8ab294f0c4a44ef1f75e373b844fe3501115', '101e55d9ff4b4c62018e87002524cdb11e6c23db07cb5f46ae959ee3830feed8'];5;0.2;0.3381944444444444;0;0;0;0;1;1;1;1;1;1
Bug1147;1;"The current selection color for the navigation drawer selected item (e.g., ""Status"" when the status screen is shown) should be darker - it's currently not set as part of the Dark theme (i.e., navdrawer_background_color_selected_dark isn't used).";0;Synthetic Bug;Unsupported theme in component;Easy;4;['e04f069d56b90ceca5a1f3e2d4a2e307020a013ef133c39c1ca7cff371db85ef', 'c3b6fa6b17b8521b017fb3d565ef5c045266e030ed050e01ed41d8dfb4302512', '2922ae01860f6564bfd8a1d9bb5f8ab294f0c4a44ef1f75e373b844fe3501115', '101e55d9ff4b4c62018e87002524cdb11e6c23db07cb5f46ae959ee3830feed8'];4;0.25;0.2790334665334665;0;0;0;1;1;1;1;1;1;1
Bug1147;2;The lighter navdrawer_background_color_selected_light color is used for the selected item;0;Synthetic Bug;Unsupported theme in component;Hard;2;['e04f069d56b90ceca5a1f3e2d4a2e307020a013ef133c39c1ca7cff371db85ef', 'c3b6fa6b17b8521b017fb3d565ef5c045266e030ed050e01ed41d8dfb4302512', '2922ae01860f6564bfd8a1d9bb5f8ab294f0c4a44ef1f75e373b844fe3501115', '101e55d9ff4b4c62018e87002524cdb11e6c23db07cb5f46ae959ee3830feed8'];7;0.1428571428571428;0.1944139194139194;0;0;0;0;0;0;1;1;1;1
Bug1151;0;Current application of Dark and Light theme is confusing;1;Non-Synthetic Bug;Undesirable  behavior ;Hard;1;['d679369fe3009a9963e8a815cab5a856b807147b04e982d26cf220205bac2331', 'ad68c19f76d117c449d803e88ce24405d28ed274233cce465c9084298a54eef1'];5;0.2;0.2666666666666666;0;0;0;0;1;1;1;1;1;1
Bug1151;1;When you switch from Light to Dark theme or Dark to Light by checking/unchecking the checkbox in Settings, the theme is immediately applied to the Preferences Activity, and in the process the main GpsTestActivity is finished so the user doesn't return to that Activity after exiting the Preferences Activity and see it with the old theme.;0;Non-Synthetic Bug;Undesirable  behavior ;Hard;5;['d679369fe3009a9963e8a815cab5a856b807147b04e982d26cf220205bac2331', 'ad68c19f76d117c449d803e88ce24405d28ed274233cce465c9084298a54eef1'];7;0.1428571428571428;0.1623376623376623;0;0;0;0;0;0;1;1;1;1
Bug1151;2;The main GpsTestActivity disappears without any info message saying why.;0;Non-Synthetic Bug;Undesirable  behavior ;Hard;2;['d679369fe3009a9963e8a815cab5a856b807147b04e982d26cf220205bac2331', 'ad68c19f76d117c449d803e88ce24405d28ed274233cce465c9084298a54eef1'];9;0.1111111111111111;0.1055555555555555;0;0;0;0;0;0;0;0;1;1
Bug1205;0;Back button leads to Home Fragment when orange file selector is still open;1;Non-Synthetic Bug;Undesirable  behavior ;Easy;4;['bc8e0a6181467439499bcb9934df3387e54e6cc35ec87a9faa7c15fcd33a89bd'];12;0.0833333333333333;0.0833333333333333;0;0;0;0;0;0;0;0;0;0
Bug1205;1;The back button leads to the Home Fragment.;0;Non-Synthetic Bug;Undesirable  behavior ;Hard;3;['bc8e0a6181467439499bcb9934df3387e54e6cc35ec87a9faa7c15fcd33a89bd'];29;0.0344827586206896;0.0344827586206896;0;0;0;0;0;0;0;0;0;0
Bug1406;0;Favourite photos edit option issue.;1;Non-Synthetic Bug;Data is not displayed;Hard;1;['1a2b2e467c1b1b5ddc0140f508a4562390680157cc53ac6d6e61bd65be2b59ce'];26;0.0384615384615384;0.0384615384615384;0;0;0;0;0;0;0;0;0;0
Bug1406;1;Suppose the user opens an image in the favourite collection and clicks on the edit option, then aborts the edit operation and slides to the next image and again clicks on the edit option, then the previous/first image opened for edit operation is displayed instead of the presently selected image.;0;Non-Synthetic Bug;Data is not displayed;Easy;4;['1a2b2e467c1b1b5ddc0140f508a4562390680157cc53ac6d6e61bd65be2b59ce'];26;0.0384615384615384;0.0384615384615384;0;0;0;0;0;0;0;0;0;0
Bug1406;2;The presently selected image should be displayed in the edit mode rather than the previous image.;0;Non-Synthetic Bug;Data is not displayed;Easy;4;['1a2b2e467c1b1b5ddc0140f508a4562390680157cc53ac6d6e61bd65be2b59ce'];17;0.0588235294117647;0.0588235294117647;0;0;0;0;0;0;0;0;0;0
Bug1445;0;Can't edit dates for a Trip;1;Synthetic Bug;Uneditable component;Easy;5;['6841fdb08ae84cf3c14b08f5e0066009f3dbbac58c1afe1e67409fdb31b98f2c'];1;1.0;1.0;1;1;1;1;1;1;1;1;1;1
Bug1445;1;5. Observe error;0;Synthetic Bug;Uneditable component;Hard;1;['6841fdb08ae84cf3c14b08f5e0066009f3dbbac58c1afe1e67409fdb31b98f2c'];1;1.0;1.0;1;1;1;1;1;1;1;1;1;1
Bug45;0;Cannot add location when device's location mode is device only;1;Non-Synthetic Bug;Undesirable  behavior ;Easy;5;['d6cf12b7c49b109691c1a9a2beeb0eac95fcb435d9c7a44bb14f35b9b5c43e69'];2;0.5;0.5;0;1;1;1;1;1;1;1;1;1
Bug45;1;The location cannot be added, and there are no explanations and reminders for the user.;0;Non-Synthetic Bug;Undesirable  behavior ;Easy;5;['d6cf12b7c49b109691c1a9a2beeb0eac95fcb435d9c7a44bb14f35b9b5c43e69'];1;1.0;1.0;1;1;1;1;1;1;1;1;1;1
Bug45;2;"7. See ""LOCATION NOT FOUND""";0;Non-Synthetic Bug;Undesirable  behavior ;Easy;3;['d6cf12b7c49b109691c1a9a2beeb0eac95fcb435d9c7a44bb14f35b9b5c43e69'];1;1.0;1.0;1;1;1;1;1;1;1;1;1;1
Bug106;0;unable to play from folder view since 0.21.0;1;Non-Synthetic Bug;Undesirable  behavior ;Hard;3;['762b11e4e39c118bd56bcff62a88c46cedab35210b446df8a52a4d1d1e02e74d'];6;0.1666666666666666;0.1666666666666666;0;0;0;0;0;1;1;1;1;1
Bug106;1;Since I installed the latest update 0.21.0, I am unable to play media from the folder view.;0;Non-Synthetic Bug;Undesirable  behavior ;Hard;4;['762b11e4e39c118bd56bcff62a88c46cedab35210b446df8a52a4d1d1e02e74d'];5;0.2;0.2;0;0;0;0;1;1;1;1;1;1
Bug106;2;"Touching a song has no effect, neither has selecting the song by long pressing and then using ""add to playlist"" or by using the song menu and selecting ""play next"".";0;Non-Synthetic Bug;Undesirable  behavior ;Hard;4;['762b11e4e39c118bd56bcff62a88c46cedab35210b446df8a52a4d1d1e02e74d'];17;0.0588235294117647;0.0588235294117647;0;0;0;0;0;0;0;0;0;0
Bug110;0;Artist's names missing - all over the app;1;Non-Synthetic Bug;Data is not displayed;Easy;5;['f74410ffa582d4b72fdc4952405b88a80c44dee9cb340429d51aa71ebf117ad5', 'c8130613c4e8ffc0794f5aea0c67a95a29793702fa1b1464d13cd9b80f1a467d', 'c467ccb28230227dbe849efad4550eec1e2d17e4f7653859232632e47ed3087b', 'a7a520297496ac15881add8b14ecec2a75b2478f7d241cbcbde040a5609fe4c5', 'a6c5dd00b428e2e9e8b34493f89061f41a57803453e02cc0a33eebad02bb67b3', '42458be649828359e482a6f52f2a14dc7cd6d80713673989fb77d4e3cb796a2b', '27770bb7d1a9a1b02ee39f799c6a3593026cf10f2a05dd2062625b09e41cc6bc', '92b3033f4b46bae6894dac3ab9b6d0a62f4dee3a32bda563b2c02348658cad16', '06dc5fb45d55c7911986605c22e2350d9bcee6de5b4934dd8ec2fb79338d9b5d', '6da68f2f9dfc66a7d86976eec1d6bb038aecb408a111149c206df647cedd97a6', '6c021f6e529bf4d67847657ed3c6b31fc7eadc7e87920cb6f280727a005a49dc'];3;0.3333333333333333;0.4708516895798924;0;0;1;1;1;1;1;1;1;1
Bug110;1;On any list in the app there are no artist names present.;0;Non-Synthetic Bug;Data is not displayed;Easy;4;['f74410ffa582d4b72fdc4952405b88a80c44dee9cb340429d51aa71ebf117ad5', 'c8130613c4e8ffc0794f5aea0c67a95a29793702fa1b1464d13cd9b80f1a467d', 'c467ccb28230227dbe849efad4550eec1e2d17e4f7653859232632e47ed3087b', 'a7a520297496ac15881add8b14ecec2a75b2478f7d241cbcbde040a5609fe4c5', 'a6c5dd00b428e2e9e8b34493f89061f41a57803453e02cc0a33eebad02bb67b3', '42458be649828359e482a6f52f2a14dc7cd6d80713673989fb77d4e3cb796a2b', '27770bb7d1a9a1b02ee39f799c6a3593026cf10f2a05dd2062625b09e41cc6bc', '92b3033f4b46bae6894dac3ab9b6d0a62f4dee3a32bda563b2c02348658cad16', '06dc5fb45d55c7911986605c22e2350d9bcee6de5b4934dd8ec2fb79338d9b5d', '6da68f2f9dfc66a7d86976eec1d6bb038aecb408a111149c206df647cedd97a6', '6c021f6e529bf4d67847657ed3c6b31fc7eadc7e87920cb6f280727a005a49dc'];5;0.2;0.3604306036451559;0;0;0;0;1;1;1;1;1;1
Bug110;2;Not even in the artist tab - there are song names listed there instead.;0;Non-Synthetic Bug;Data is not displayed;Hard;3;['f74410ffa582d4b72fdc4952405b88a80c44dee9cb340429d51aa71ebf117ad5', 'c8130613c4e8ffc0794f5aea0c67a95a29793702fa1b1464d13cd9b80f1a467d', 'c467ccb28230227dbe849efad4550eec1e2d17e4f7653859232632e47ed3087b', 'a7a520297496ac15881add8b14ecec2a75b2478f7d241cbcbde040a5609fe4c5', 'a6c5dd00b428e2e9e8b34493f89061f41a57803453e02cc0a33eebad02bb67b3', '42458be649828359e482a6f52f2a14dc7cd6d80713673989fb77d4e3cb796a2b', '27770bb7d1a9a1b02ee39f799c6a3593026cf10f2a05dd2062625b09e41cc6bc', '92b3033f4b46bae6894dac3ab9b6d0a62f4dee3a32bda563b2c02348658cad16', '06dc5fb45d55c7911986605c22e2350d9bcee6de5b4934dd8ec2fb79338d9b5d', '6da68f2f9dfc66a7d86976eec1d6bb038aecb408a111149c206df647cedd97a6', '6c021f6e529bf4d67847657ed3c6b31fc7eadc7e87920cb6f280727a005a49dc'];4;0.25;0.3860097149159668;0;0;0;1;1;1;1;1;1;1
Bug110;3;3. They're never written anywhere;0;Non-Synthetic Bug;Data is not displayed;Hard;2;['f74410ffa582d4b72fdc4952405b88a80c44dee9cb340429d51aa71ebf117ad5', 'c8130613c4e8ffc0794f5aea0c67a95a29793702fa1b1464d13cd9b80f1a467d', 'c467ccb28230227dbe849efad4550eec1e2d17e4f7653859232632e47ed3087b', 'a7a520297496ac15881add8b14ecec2a75b2478f7d241cbcbde040a5609fe4c5', 'a6c5dd00b428e2e9e8b34493f89061f41a57803453e02cc0a33eebad02bb67b3', '42458be649828359e482a6f52f2a14dc7cd6d80713673989fb77d4e3cb796a2b', '27770bb7d1a9a1b02ee39f799c6a3593026cf10f2a05dd2062625b09e41cc6bc', '92b3033f4b46bae6894dac3ab9b6d0a62f4dee3a32bda563b2c02348658cad16', '06dc5fb45d55c7911986605c22e2350d9bcee6de5b4934dd8ec2fb79338d9b5d', '6da68f2f9dfc66a7d86976eec1d6bb038aecb408a111149c206df647cedd97a6', '6c021f6e529bf4d67847657ed3c6b31fc7eadc7e87920cb6f280727a005a49dc'];5;0.2;0.3406764583267294;0;0;0;0;1;1;1;1;1;1
Bug168;0;Google maps crashes on Android 10;1;Non-Synthetic Bug;App crashes;Easy;4;['c4f2e3c4a1feef9623133c92e53b1c9ab623788e484d75bd332e821cdaf438d7', '322bbbb7465636753f17c449b589b25ba057c3860334452397b4deb8f16dd63c'];4;0.25;0.2083333333333333;0;0;0;1;1;1;1;1;1;1
Bug168;1;The app immediately crashes;0;Non-Synthetic Bug;App crashes;Easy;3;['c4f2e3c4a1feef9623133c92e53b1c9ab623788e484d75bd332e821cdaf438d7', '322bbbb7465636753f17c449b589b25ba057c3860334452397b4deb8f16dd63c'];11;0.0909090909090909;0.1287878787878787;0;0;0;0;0;0;0;0;0;0
Bug248;0;Accessing General settings form Admin settings does not display disabled submenus;1;Synthetic Bug;Component is not displayed (correctly);Hard;4;['746b7785ee9c627da4fe423cf866b024a369437c01896bce0b505df29e901db8', 'a3bf5a4e19286dce7e54c6a45f5ce92fd6e03d357802cbd1af9d3ae67610c764'];8;0.125;0.1736111111111111;0;0;0;0;0;0;0;1;1;1
Bug248;1;Accessing General settings from Admin settings does not display all General settings submenus if access to them has been revoked from normal users.;0;Synthetic Bug;Component is not displayed (correctly);Hard;5;['746b7785ee9c627da4fe423cf866b024a369437c01896bce0b505df29e901db8', 'a3bf5a4e19286dce7e54c6a45f5ce92fd6e03d357802cbd1af9d3ae67610c764'];5;0.2;0.1666666666666666;0;0;0;0;1;1;1;1;1;1
Bug248;2;When normal user access for all settings has been disabled, only the following submenu items are available in admin mode:;0;Synthetic Bug;Component is not displayed (correctly);Hard;5;['746b7785ee9c627da4fe423cf866b024a369437c01896bce0b505df29e901db8', 'a3bf5a4e19286dce7e54c6a45f5ce92fd6e03d357802cbd1af9d3ae67610c764'];6;0.1666666666666666;0.1944444444444444;0;0;0;0;0;1;1;1;1;1
Bug1563;0;When reloading the current directory after completing a file operation, the list scrolls to the top (obviously because it's reinitialized).;0;Non-Synthetic Bug;Undesirable  behavior ;Hard;5;['c7036819e8914c0b9f9b36416e4945b7a1edc516f6670d5acc754fe3109b99a2'];5;0.2;0.2;0;0;0;0;1;1;1;1;1;1
Bug1563;1;3. Scroll moves back up;0;Non-Synthetic Bug;Undesirable  behavior ;Hard;2;['c7036819e8914c0b9f9b36416e4945b7a1edc516f6670d5acc754fe3109b99a2'];10;0.1;0.1;0;0;0;0;0;0;0;0;0;1
Bug1223;0;Split memos disappear;1;Non-Synthetic Bug;Data is not displayed;Easy;3;['b0ca5ec0f9631d069cc5c8e2aec0391672dd02fafb30d9e5fa32b5301f0fd81c', '1c85c98a5b34f6057d43d6c1f127c433c70106135181e1605479c7e85bd2ecc1'];1;1.0;0.8333333333333333;1;1;1;1;1;1;1;1;1;1
Bug1223;1;Split do not have their memos anymore.;0;Non-Synthetic Bug;Data is not displayed;Easy;3;['b0ca5ec0f9631d069cc5c8e2aec0391672dd02fafb30d9e5fa32b5301f0fd81c', '1c85c98a5b34f6057d43d6c1f127c433c70106135181e1605479c7e85bd2ecc1'];1;1.0;1.0;1;1;1;1;1;1;1;1;1;1
Bug1641;0;No Compliance of the Trainings Type Slider;1;Synthetic Bug;Component is not displayed (correctly);Hard;1;['fd9debe790c113593776f85586a7838daff1dfdcb3020ad7f91980cb79b70cf8'];1;1.0;1.0;1;1;1;1;1;1;1;1;1;1
Bug1641;1;If you choose Something at the TrainingsTypeSlider, there is no compliance of the value.;0;Synthetic Bug;Component is not displayed (correctly);Hard;1;['fd9debe790c113593776f85586a7838daff1dfdcb3020ad7f91980cb79b70cf8'];7;0.1428571428571428;0.1428571428571428;0;0;0;0;0;0;1;1;1;1
Bug1641;2;3. See error;0;Synthetic Bug;Component is not displayed (correctly);Hard;1;['fd9debe790c113593776f85586a7838daff1dfdcb3020ad7f91980cb79b70cf8'];13;0.0769230769230769;0.0769230769230769;0;0;0;0;0;0;0;0;0;0
Bug11;0;Bug: App crash when i allow access to my file;1;Non-Synthetic Bug;App crashes;Easy;4;['2957d1cfee327d06abd84e6b91e1153eb930ce1886a45ed33c8ff4c6536fbcb0', '61730fee40943d7766d05209a78150c6b3cb5f45ca1cfb072a033c4a76ccf37a', '48489898a8d2e4e2d8555f6b0db0b164ec504eca57fb6c45d75248611d13c311'];1;1.0;1.0;1;1;1;1;1;1;1;1;1;1
Bug11;1;When I launched the app, I got a pop up that I should grant permission, I clicked on accept, and the app pops up again that I should allow access to my file and I clicked allow, the app roll and crashed.;0;Non-Synthetic Bug;App crashes;Easy;5;['2957d1cfee327d06abd84e6b91e1153eb930ce1886a45ed33c8ff4c6536fbcb0', '61730fee40943d7766d05209a78150c6b3cb5f45ca1cfb072a033c4a76ccf37a', '48489898a8d2e4e2d8555f6b0db0b164ec504eca57fb6c45d75248611d13c311'];1;1.0;1.0;1;1;1;1;1;1;1;1;1;1
Bug11;2;4. And note the bug;0;Non-Synthetic Bug;App crashes;Hard;1;['2957d1cfee327d06abd84e6b91e1153eb930ce1886a45ed33c8ff4c6536fbcb0', '61730fee40943d7766d05209a78150c6b3cb5f45ca1cfb072a033c4a76ccf37a', '48489898a8d2e4e2d8555f6b0db0b164ec504eca57fb6c45d75248611d13c311'];1;1.0;1.0;1;1;1;1;1;1;1;1;1;1
Bug55;0;[BUG] Categories are displayed off the screen;1;Synthetic Bug;Component is not displayed (correctly);Hard;2;['6b13d5f9b12d523b662e5fe27e1b8ffd58a90036afa39b45cdcd69c626347a09'];11;0.0909090909090909;0.0909090909090909;0;0;0;0;0;0;0;0;0;0
Bug55;1;The categories of a categorical trait are displayed off-screen, especially if they are large words or multiple words.;0;Synthetic Bug;Component is not displayed (correctly);Hard;5;['6b13d5f9b12d523b662e5fe27e1b8ffd58a90036afa39b45cdcd69c626347a09'];11;0.0909090909090909;0.0909090909090909;0;0;0;0;0;0;0;0;0;0
Bug56;0;[BUG] Unable to change label size when printing to Zebra printer;1;Synthetic Bug;Unclickable component;Easy;3;['409ff6cb622ffe0858fde221d4b588361bce6f3006d48a1a52d428bae3ef83f7'];4;0.25;0.25;0;0;0;1;1;1;1;1;1;1
Bug56;1;"After adding a trait in the ""Zebra Label Print"" format we are unable to change the label size.";0;Synthetic Bug;Unclickable component;Easy;3;['409ff6cb622ffe0858fde221d4b588361bce6f3006d48a1a52d428bae3ef83f7'];6;0.1666666666666666;0.1666666666666666;0;0;0;0;0;1;1;1;1;1
Bug56;2;When collecting data, the drop-down menus for Text, Barcode and Copies are also not available.;0;Synthetic Bug;Unclickable component;Easy;3;['409ff6cb622ffe0858fde221d4b588361bce6f3006d48a1a52d428bae3ef83f7'];2;0.5;0.5;0;1;1;1;1;1;1;1;1;1
Bug1213;0;Confirmation field in settings doesn't react to show password option;1;Non-Synthetic Bug;Undesirable  behavior ;Easy;4;['4dcb729f5d6ec54ef1159334e7c4a5bf7d78aab27d61a3e7f4e5b5ae261993ff'];1;1.0;1.0;1;1;1;1;1;1;1;1;1;1
Bug1213;1;Password/PIN shows only in the main field, not the confirm field.;0;Non-Synthetic Bug;Undesirable  behavior ;Easy;4;['4dcb729f5d6ec54ef1159334e7c4a5bf7d78aab27d61a3e7f4e5b5ae261993ff'];5;0.2;0.2;0;0;0;0;1;1;1;1;1;1
Bug1222;0;Weekly scheduled exports are listed with the wrong day;1;Synthetic Bug;Wrong information is displayed;Easy;4;['7ea2c320c0eeb91e6e65a09f56911355672570778c6f48ec04cda4d86baa3cb5'];3;0.3333333333333333;0.3333333333333333;0;0;1;1;1;1;1;1;1;1
Bug1222;1;"The scheduled export is listed as ""Weekly on Thursday"".";0;Synthetic Bug;Wrong information is displayed;Hard;3;['7ea2c320c0eeb91e6e65a09f56911355672570778c6f48ec04cda4d86baa3cb5'];5;0.2;0.2;0;0;0;0;1;1;1;1;1;1
Bug1428;0;Body measure is in kg/lbs/st while it should be in cm/in;1;Synthetic Bug;Textual error in screen;Easy;4;['6f087ac46f22fea2cbf135bf4fa651a21a9ca246d0a1ed47ab776fc88d3e7bf8'];1;1.0;1.0;1;1;1;1;1;1;1;1;1;1
Bug1428;1;Body measures unit are displayed in KG when there is no record already done.;0;Synthetic Bug;Textual error in screen;Easy;5;['6f087ac46f22fea2cbf135bf4fa651a21a9ca246d0a1ed47ab776fc88d3e7bf8'];1;1.0;1.0;1;1;1;1;1;1;1;1;1;1
Bug1428;2;"4. Spinner shows ""kg"" while it should show ""cm""";0;Synthetic Bug;Textual error in screen;Hard;3;['6f087ac46f22fea2cbf135bf4fa651a21a9ca246d0a1ed47ab776fc88d3e7bf8'];2;0.5;0.5;0;1;1;1;1;1;1;1;1;1
Bug84;0;I am unable to set up a server.;0;Non-Synthetic Bug;Undesirable  behavior ;Hard;2;['aca3e27152c4e3542dbbe2e6747553521e6642a09d7b67c840782acb41ce7876'];2;0.5;0.5;0;1;1;1;1;1;1;1;1;1
Bug84;1;It tries to connect to localhost despite the fact that I entered a valid Airsonic server URL.;0;Non-Synthetic Bug;Undesirable  behavior ;Hard;2;['aca3e27152c4e3542dbbe2e6747553521e6642a09d7b67c840782acb41ce7876'];8;0.125;0.125;0;0;0;0;0;0;0;1;1;1
Bug87;0;"2.4.0 won't open to GUI with wifi enabled: ""A network error occurred""";1;Non-Synthetic Bug;Undesirable  behavior ;Easy;4;['90c5dc762bd5e3ce8b2aa112926b901f0843b0b19e3a3e0631bf42bc1da4cb0a'];1;1.0;1.0;1;1;1;1;1;1;1;1;1;1
Bug87;1;Since the upgrade to 2.4.0 the app opens to an error message whenever wifi is enabled on my phone.;0;Non-Synthetic Bug;Undesirable  behavior ;Easy;4;['90c5dc762bd5e3ce8b2aa112926b901f0843b0b19e3a3e0631bf42bc1da4cb0a'];1;1.0;1.0;1;1;1;1;1;1;1;1;1;1
Bug87;2;"The error is: ""Error. A network error occurred. Please check the server address or try again later.""";0;Non-Synthetic Bug;Undesirable  behavior ;Hard;2;['90c5dc762bd5e3ce8b2aa112926b901f0843b0b19e3a3e0631bf42bc1da4cb0a'];1;1.0;1.0;1;1;1;1;1;1;1;1;1;1
Bug87;3;It is not possible to access the GUI and use the application.;0;Non-Synthetic Bug;Undesirable  behavior ;Hard;1;['90c5dc762bd5e3ce8b2aa112926b901f0843b0b19e3a3e0631bf42bc1da4cb0a'];8;0.125;0.125;0;0;0;0;0;0;0;1;1;1
Bug87;4;"I say that because, historically, connecting to my home wifi and specifying my home server's public IPv4 address eventually resulted in the same(?) ""network error"" message as above.";0;Non-Synthetic Bug;Undesirable  behavior ;Hard;3;['90c5dc762bd5e3ce8b2aa112926b901f0843b0b19e3a3e0631bf42bc1da4cb0a'];6;0.1666666666666666;0.1666666666666666;0;0;0;0;0;1;1;1;1;1
Bug87;5;But now, I have the same issue when I change the server address to a LAN IP address, which I created long ago so that I could use Ultrasonic while at home on wifi.;0;Non-Synthetic Bug;Undesirable  behavior ;Hard;2;['90c5dc762bd5e3ce8b2aa112926b901f0843b0b19e3a3e0631bf42bc1da4cb0a'];4;0.25;0.25;0;0;0;1;1;1;1;1;1;1
Bug87;6;Also, the message comes up immediately instead of after the app starts trying to access the server for content.;0;Non-Synthetic Bug;Undesirable  behavior ;Hard;1;['90c5dc762bd5e3ce8b2aa112926b901f0843b0b19e3a3e0631bf42bc1da4cb0a'];2;0.5;0.5;0;1;1;1;1;1;1;1;1;1
Bug87;7;This makes the app unusable -- there's no way to change settings or select a different server because the app is inaccessible.;0;Non-Synthetic Bug;Undesirable  behavior ;Hard;2;['90c5dc762bd5e3ce8b2aa112926b901f0843b0b19e3a3e0631bf42bc1da4cb0a'];4;0.25;0.25;0;0;0;1;1;1;1;1;1;1
Bug159;0;Crash in Card Browser, the multi-select mode: Edit => change the card type;1;Non-Synthetic Bug;App crashes;Easy;5;['daddb64ff4e4aa9fa56dbbc0e1d23708ea1fc049bf57076eec651bc95e5cf7e4', 'de12be8e7d71994c9de07c20ec56b6e00400bb2b529606f5523e4898b40ac1e2'];4;0.25;0.1776315789473684;0;0;0;1;1;1;1;1;1;1
Bug159;1;It crashes, only the first card is affected by the change.;0;Non-Synthetic Bug;App crashes;Hard;3;['daddb64ff4e4aa9fa56dbbc0e1d23708ea1fc049bf57076eec651bc95e5cf7e4', 'de12be8e7d71994c9de07c20ec56b6e00400bb2b529606f5523e4898b40ac1e2'];10;0.1;0.1;0;0;0;0;0;0;0;0;0;1
Bug193;0;6. I see Birthday Year List but Checkbox is unchecked;0;Synthetic Bug;Component is not displayed (correctly);Easy;5;['3fbfe419f6831fa1a12ae9556bb6b3be7d8d273db41da8c5d3b27e543a09b0fc'];1;1.0;1.0;1;1;1;1;1;1;1;1;1;1
Bug271;0;"If code refresh time is set to ""9999"" - Aegis crashes";1;Non-Synthetic Bug;App crashes;Easy;4;['af827fad80870fd0d79641827374cb6625d58505637015a394f6938a2604cfef', 'c4f2e3c4a1feef9623133c92e53b1c9ab623788e484d75bd332e821cdaf438d7', '07c126c2463bb67f6f9de8019eef920bd0949942553b4997bc25bb37ac2bfde4'];6;0.1666666666666666;0.2296296296296296;0;0;0;0;0;1;1;1;1;1
Bug271;1;Aegis instantly crashes.;0;Non-Synthetic Bug;App crashes;Easy;2;['af827fad80870fd0d79641827374cb6625d58505637015a394f6938a2604cfef', 'c4f2e3c4a1feef9623133c92e53b1c9ab623788e484d75bd332e821cdaf438d7', '07c126c2463bb67f6f9de8019eef920bd0949942553b4997bc25bb37ac2bfde4'];7;0.1428571428571428;0.2309523809523809;0;0;0;0;0;0;1;1;1;1
Bug271;2;I reopened Aegis, gave the password and it crashed again and again to the point where i just cleared all the app data.;0;Non-Synthetic Bug;App crashes;Easy;4;['af827fad80870fd0d79641827374cb6625d58505637015a394f6938a2604cfef', 'c4f2e3c4a1feef9623133c92e53b1c9ab623788e484d75bd332e821cdaf438d7'];9;0.1111111111111111;0.1555555555555555;0;0;0;0;0;0;0;0;1;1
Bug275;0;"First time setup does not require confirming password if ""show password"" box is checked";1;Non-Synthetic Bug;Undesirable  behavior ;Easy;4;['23ac7a73e949223e5ef76f694191fd20c99501d89a3a6145e5e71afb5ac7b795'];3;0.3333333333333333;0.3333333333333333;0;0;1;1;1;1;1;1;1;1
Bug275;1;"First time setup does not require confirming password if ""show password"" box is checked";0;Non-Synthetic Bug;Undesirable  behavior ;Easy;4;['23ac7a73e949223e5ef76f694191fd20c99501d89a3a6145e5e71afb5ac7b795'];3;0.3333333333333333;0.3333333333333333;0;0;1;1;1;1;1;1;1;1
Bug275;2;No prompt, user is taken directly to the main page of the app;0;Non-Synthetic Bug;Undesirable  behavior ;Hard;2;['23ac7a73e949223e5ef76f694191fd20c99501d89a3a6145e5e71afb5ac7b795'];14;0.0714285714285714;0.0714285714285714;0;0;0;0;0;0;0;0;0;0
Bug1028;0;Glosbe translations broken;1;Non-Synthetic Bug;Undesirable  behavior ;Easy;3;['b1ccc5135c769fbe2462f1fb52cb382d35671e8279a29d095a249627ee78be1c'];4;0.25;0.25;0;0;0;1;1;1;1;1;1;1
Bug1028;1;Translation failed;0;Non-Synthetic Bug;Undesirable  behavior ;Hard;2;['b1ccc5135c769fbe2462f1fb52cb382d35671e8279a29d095a249627ee78be1c'];1;1.0;1.0;1;1;1;1;1;1;1;1;1;1
Bug1089;0;IllegalStateException Crash when taping back in new unsaved time;1;Non-Synthetic Bug;App crashes;Easy;4;['0be480566fd9244e83c1f87ccd788bb5bf716d340f7b52395ed850eed3b91f16', '3047e748afff264a8252315d03acf9e1c40121bcdcdfc86b650757af06028027'];3;0.3333333333333333;0.4166666666666666;0;0;1;1;1;1;1;1;1;1
Bug1130;0;Undo with last list item does not work;1;Synthetic Bug;Component is not displayed (correctly);Hard;2;['b1d864f66b1699a12edd1040c8b064eec43856e0fb90d24789821fdc87c65c52', '7aa2c6d2dd99acc650bec02775f78584596f3c773539dff408b670781374675e', '6c08513eed22ee10148b04e507ca73d2dab27fd069b77d8d1ad2597c220b4be1'];1;1.0;1.0;1;1;1;1;1;1;1;1;1;1
Bug1130;1;Undo action does not work when the item is the only one in the list.;0;Synthetic Bug;Component is not displayed (correctly);Hard;3;['b1d864f66b1699a12edd1040c8b064eec43856e0fb90d24789821fdc87c65c52', '7aa2c6d2dd99acc650bec02775f78584596f3c773539dff408b670781374675e', '6c08513eed22ee10148b04e507ca73d2dab27fd069b77d8d1ad2597c220b4be1'];1;1.0;1.0;1;1;1;1;1;1;1;1;1;1
Bug1130;2;Empty view is removed and list is displayed.;0;Synthetic Bug;Component is not displayed (correctly);Hard;2;['b1d864f66b1699a12edd1040c8b064eec43856e0fb90d24789821fdc87c65c52', '7aa2c6d2dd99acc650bec02775f78584596f3c773539dff408b670781374675e', '6c08513eed22ee10148b04e507ca73d2dab27fd069b77d8d1ad2597c220b4be1'];1;1.0;1.0;1;1;1;1;1;1;1;1;1;1
Bug1130;3;List contains an item (layout inspector), but it seems to be moved outside of the screen.;0;Synthetic Bug;Component is not displayed (correctly);Hard;2;['b1d864f66b1699a12edd1040c8b064eec43856e0fb90d24789821fdc87c65c52', '7aa2c6d2dd99acc650bec02775f78584596f3c773539dff408b670781374675e', '6c08513eed22ee10148b04e507ca73d2dab27fd069b77d8d1ad2597c220b4be1'];1;1.0;1.0;1;1;1;1;1;1;1;1;1;1
Bug1402;0;Some image is not visible in share activity;1;Synthetic Bug;Component is not displayed (correctly);Easy;4;['2cea0bfcfffc818cf767694049ddf4edb9b6382a28e180535d54856694e39059'];2;0.5;0.5;0;1;1;1;1;1;1;1;1;1
Bug1402;1;Some image is not visible properly in share activity and image is not perfectly zoomed.;0;Synthetic Bug;Component is not displayed (correctly);Easy;4;['2cea0bfcfffc818cf767694049ddf4edb9b6382a28e180535d54856694e39059'];2;0.5;0.5;0;1;1;1;1;1;1;1;1;1
Bug1403;0;Unable to edit the edited photo;1;Non-Synthetic Bug;App crashes;Hard;3;['0be480566fd9244e83c1f87ccd788bb5bf716d340f7b52395ed850eed3b91f16', '248a91d24f09b852b14f5fa018b6253c937eec754d6cf6803ab45999ded535e2'];4;0.25;0.2678571428571428;0;0;0;1;1;1;1;1;1;1
Bug1403;1;App crashes on editing the edited photo;0;Non-Synthetic Bug;App crashes;Easy;5;['0be480566fd9244e83c1f87ccd788bb5bf716d340f7b52395ed850eed3b91f16', '248a91d24f09b852b14f5fa018b6253c937eec754d6cf6803ab45999ded535e2'];4;0.25;0.2159090909090909;0;0;0;1;1;1;1;1;1;1
Bug1640;0;The Licsense on the info Page is not completely written down.;0;Non-Synthetic Bug;Data is not displayed;Easy;4;['b50166e2beebf3e1ddfbbbd87a475028d262eb44af107baf32910aa9ed5526ac'];2;0.5;0.5;0;1;1;1;1;1;1;1;1;1
Bug1640;1;4. See the error;0;Non-Synthetic Bug;Data is not displayed;Hard;1;['b50166e2beebf3e1ddfbbbd87a475028d262eb44af107baf32910aa9ed5526ac'];1;1.0;1.0;1;1;1;1;1;1;1;1;1;1
